Year,Mn/Yr,Case No,Case OPENED,Case CLOSED,Complaint No,CR Opened,CR Closed,Category,Family,Failure Mode,Sub Failure Mode,Customer,Subject,Warranty Status,Solution,Plant,EDR?,COMPLAINT / REQUEST?,,Entity Responsible,Action,CR Complete?,,,,
2020,Sep-20,73728535,2020/09/30,In Progress,CR-2972415,30/09/2020,In Progess,Troubleshooting*,Series-C,Functional,Gas Leak,Cust_A,AP Complaint: Cust_A Series-C RE2282 SN 702420 - low gas,Standard Warranty,Replace,GX,Y,Actual Complaint,Sept,Other,Replace switch,No,,,,
2020,Sep-20,73575784,2020/09/24,In Progress,CR-2969704,1/10/2020,In Progess,Others,Series-B,Missing Parts,Other,STC,AP Complaint: E-Series Holder Missing,Standard Warranty,Replace,GX,N,Actual Complaint,,LAC,Send parts,No,,,,
2020,Sep-20,73483487,2020/09/22,In Progress,NA,NA,NA,Troubleshooting*,Series-A,Functional,Unresponsive to command,Cust_A,AP Complaint: Series-A2-Cust_A LK3407 SN 503537 LS40066 - Tank fault,Standard Warranty,TBD,TBD,?,Actual Complaint,TBD,TBD,TBD,TBD,,,,
2020,Sep-20,73198264,2020/09/11,14/09/2020,CR-2940781,11/09/2020,14/09/2020,Troubleshooting*,Series-A,Manufacturing,Electrical Assembly,Cust_A,AP Complaint: Cust_A Cable strands marked 3PGs Arrangement -,Standard Warranty,Inform,GX,N,Actual Complaint,,LAC,Implement CAPA,Yes,,,,
2020,Sep-20,73153642,2020/09/10,In Progress,CR-2942918,18/09/2020,In Progess,Troubleshooting*,Series-G,Electronics,No Response,Cust_B,AP Complaint: Series-A2 Cust_B Power-Series-G3 Noise,Out of Warranty,Replace,GX,Y,Actual Complaint,Sept,Other,Replace CAPE,No,Good will,,,
2020,Sep-20,72876344,2020/09/01,In Progress,CR-2922524,1/09/2020,In Progess,Troubleshooting*,Series-A,Other ,Symptom not described above,Cust_B,AP Complaint: Suspected PCB3 failure LBS F2505 GWH Hartley,Standard Warranty,Replace,GX,N,Actual Complaint,,Other,Send SCEM,No,Good will,,,
2020,Aug-20,72727947,2020/08/26,26/08/2020,N/A,N/A,N/A,Delivery or Collection Issues*,N/A,N/A,N/A,DPAS,AP Complaint: Cust_A Nuts missing for cable lug FW: P/O 4500765252,Standard Warranty,Replace,GX,N,Actual Complaint,,LAC,Send Parts,N/A,,,,
2020,Aug-20,72643482,2020/08/24,In Progress,CR-2908910,24/08/2020,In Progress,Troubleshooting*,Series-G,Electronics,Power Supply,Cust_C,AP Complaint: Cust_C Series-G3 backup issues Kennedys Creek ACR,Standard Warranty,Replace,GX,Y,Actual Complaint,,Other,Replace ADVC,No,,,,
2020,Aug-20,72510726,2020/08/20,In Progress,CR-2908722,24/08/2020,In Progress,Troubleshooting*,Series-A,Functional,Other mechanical default,Cust_C,AP Complaint: Series-A2 Switch failed to Close during testing at Cust_C,Standard Warranty,?,GX,Y,Actual Complaint,,LAC,TBD,No ,,,,
2020,Aug-20,72435258,2020/08/18,In Progress,N/A,N/A,N/A,Troubleshooting*,Series-G,Electronics,No Response,Cust_B,AP Complaint: Series-G3 faulty Cust_B LBS G6258,Standard Warranty,Advise,GX,N,Actual Complaint,,Other,TBD,N/A,,,,
2020,Aug-20,72434483,2020/08/18,In Progress,CR-2918013,28/08/2020,In Progress,Troubleshooting*,Series-A,Functional,Other mechanical default,Cust_B,AP Complaint: Series-A2 Cust_B Power MechaniGIG issue CAR MLS1476 LBS6504,Standard Warranty,Replace,GX,Y,Actual Complaint,,Other,TBD,No,,,,
2020,Aug-20,72401407,2020/08/17,In Progress,CR-2904880,20/08/2020,In Progress,Troubleshooting*,Series-G,Electronics,Data Invalid / Corrupt,Cust_D,AP Complaint: Series-G3 Cust_D box1 won't boot,Standard Warranty,Replace,GX,Y,Actual Complaint,,Other,Replace ADVC,No,,,,
2020,Aug-20,72122667,2020/08/05,In Progress,CR-2911007,25/08/2020,In Progress,Troubleshooting*,Series-A,Functional,Unresponsive to Command,Cust_E,"AP Complaint: Series-A27 Cust_E HC78314-Motor Pack- Tank St, Morpeth",Standard Warranty,Replace,GX,Y,Actual Complaint,,Other,Replace Motorpack,No,,,,
2020,Jul-20,72011193,2020/07/31,In Progress,N/A,N/A,N/A,Troubleshooting*,Series-G,Software,Alarm,Cust_C,AP Complaint: Cust_C Series-G2 backup Fail not reset South West ACR Pole 44 DHL3,Standard Warranty,?,GX,?,Actual Complaint,,Other,TBD,N/A,"On-going, no CR raised",,,Answer Provided to Customer
2020,Jul-20,71941183,2020/07/29,25/08/2020,N/A,N/A,N/A,Troubleshooting*,Series-G,Electronics,Display/HMI,DPAS,AP Complaint: Series-G3 PanelB communication Lost and wrong LED indication,Standard Warranty,?,GX,?,Actual Complaint,,Other,TBD,N/A,"On-going, no CR raised",,,Answer Provided to Customer
2020,Jul-20,71907929,2020/07/28,In Progress,CR-2875807,4/08/2020,In Progress,Troubleshooting*,Series-C,Manufacturing,Assembly,KPS,AP Complaint: N38 KPS Missing plates,Standard Warranty,Replace,GX,Y,Actual Complaint,,LAC,Send parts,No,plates need to be sent to customer,1,,Answer Provided to Customer
2020,Jul-20,71862587,2020/07/28,In Progress,CR-2866159,28/07/2020,In Progress,Troubleshooting*,Series-G,Electronic,Circuit breaker / Trip unit / Relay,Cust_C,AP Complaint: Series-G3 terminaL re-booting.,Standard Warranty,Replace,GX,Y,Actual Complaint,,Other,Replace/Test,No,,1,,Answer Provided to Customer
2020,Jul-20,71158932,2020/07/01,14/07/2020,N/A,N/A,N/A,Troubleshooting*,Series-G,Electronics,No Response,DPAS,AP Complaint: Series-G3 Intermittent fault FIM 2 (3rd case from same batch same customer),Standard Warranty,Replace,GX,N,Actual Complaint,,Other,None,N/A,Not sure why no CR raised,,,Closed
2020,Jun-20,70766577,2020/06/18,In Progress,CR-2806030,23/06/2020,In Progress,Troubleshooting*,Series-G,Electronic,Display / indicator,Cust_I,AP Complaint: Series-G3 PanelB Communication Lost error,Standard Warranty,Replace,GX,Y,Actual Complaint,,Other,Replace ADVC,No,,1,,
2020,Jun-20,70633504,2020/06/15,In Progress,N/A,N/A,N/A,Troubleshooting*,Series-G,Software,Bug,DPAS,AP Complaint: Series-G2 ADR Hanging issue,Standard Warranty,Advise,GX,?,Actual Complaint,,Other,?,N/A,,,,
2020,Jun-20,70468119,2020/06/09,9/06/2020,N/A,N/A,N/A,Documentation,Series-B,Other,Symptom not described ,DPAS,AP Complaint: E27 Test report PO 025331/3102374,Standard Warranty,Advise,GX,N,Customer Request,,Other,None,N/A,,,,
2020,Jun-20,70434309,2020/06/08,In Progress,N/A,N/A,N/A,Troubleshooting*,Series-G,Other,Symptom not described ,Hills PW,AP Complaint: Series-G2 terminaL.,Standard Warranty,?,GX,?,Actual Complaint,,Other,?,N/A,Waiting on update,1,,
2020,Jun-20,70349820,2020/06/04,4/06/2020,N/A,N/A,N/A,Troubleshooting*,Series-G,Other ,Symptom not described ,DPAS,AP Complaint: Series-G Intermittent fault FIM 2-4,Standard Warranty,?,GX,?,Actual Complaint,,Other,?,N/A,,,,
2020,Jun-20,70274616,2020/06/02,3/06/2020,CR-2770057,2/06/2020,Cancelled,Maintenance Support,Series-F,Appearance,Corrosion / Water damage,TR,AP Complaint: Series-A-27 to Series-G 3 Ultra Control cable corrosion,Standard Warranty,Advise,GX,N,Customer Request,,Other,Update Inspections,Cancelled,update iAuditor,,,
2020,May-20,69992317,2020/05/22,In Progress,No,N/A,,Troubleshooting*,Series-G,Other,Other,DPAS,AP Complaint: Series-G Intermittent fault FIM 2,Standard Warranty,Advise,GX,N,Customer Request,,Other,None,N/A,,,,
2020,May-20,69919918,2020/05/20,In Progress,No,N/A,N/A,Troubleshooting*,Series-G,Electronics,Power supply,DPAS,AP Complaint: Series-G3 Aux-power switching off issue (R3),Standard Warranty,Advise,GX,N,Customer Request,,Other,None,N/A,,,,
2020,May-20,69839888,2020/05/18,18/05/2020,No,N/A,N/A,Digital Tool Support,Series-F,N/A,N/A,Cust_F,AP Complaint: SW comtrade files not conforming to std C37.111.,Standard Warranty,Advise,GX,N,Customer Request,,Other,None,N/A,,,,
2020,May-20,69755323,2020/05/14,In Progress,CR-2745205,15/05/2020,2/06/2020,Troubleshooting*,Series-A,Mechanical,Mechanical Assembly,Cust_C,AP Complaint: Series-A2 Cust_C mechanism adjustment out Mech Stopper loose,Standard Warranty,Repair,GX,Y,Actual Complaint,,LAC,Update Training,Yes,Training update,,,
2020,May-20,69718225,2020/05/13,In Progress,CR-2740551,13/05/2020,In Progress,Troubleshooting*,Series-G,Electronics,No Response,Cust_A,AP Complaint: Series-G3 Start-up issue MDS 3315,Standard Warranty,Replace,GX,Y,Actual Complaint,,Other,Replace ADVC,No,,1,,
2020,May-20,69716709,2020/05/13,In Progress,CR-2740548,13/05/2020,In Progress,Troubleshooting*,Series-G,Electronics,No Response,Cust_A,AP Complaint: Series-G3 Start-up issue MDS 3314,Standard Warranty,Replace,GX,Y,Actual Complaint,,Other,Replace ADVC,No,,1,,
2020,May-20,69677999,2020/05/12,In Progress,CR-2738017,12/05/2020,26/05/2020,Troubleshooting*,Series-G,Electronics,Electronic Component Failure,Cust_B,AP Complaint: Series-G3 power down - Hawkesbury Rd Winmalee,Standard Warranty,Replace,GX,Y,Actual Complaint,,Other,Replace ADVC,Yes,,1,,
2020,May-20,69600297,2020/05/08,In Progress,No,N/A,N/A,Troubleshooting*,Series-A,Component,Electrical Component,Cust_B,AP Complaint: Series-A2 Cable loose CAR AUS 0101,Out of Warranty,Advise,EF,N,Customer Request,,Other,None,N/A,,,,
2020,May-20,69599730,2020/05/08,11/05/2020,No,N/A,N/A,Offer Selection,Series-D,N/A,N/A,DPAS ,AP Complaint: Time current test U series _Recloser,N/A,Advise,GX,N,Customer Request,,Other,None,N/A,,,,
2020,May-20,69597865,2020/05/08,In Progress,No,N/A,N/A,Troubleshooting*,Series-F,Manufacturing,Assembly,FPA,AP Complaint: EER wiring issue DHL3 Au FPA,Standard Warranty,Advise,GX,N,Customer Request,,Other,None,N/A,,,,
2020,May-20,69525655,2020/05/06,11/05/2020,No,N/A,N/A,Maintenance Support,Series-G,N/A,N/A,Cust_B,AP Complaint: Old terminaLs,Out of Warranty,Advise,EF,N,Customer Request,,Other,None,N/A,,,,
2020,May-20,69524303,2020/05/06,In Progress,CR-2731813,7/05/2020,26/05/2020,Troubleshooting*,Series-G,Electronics,Power supply,Cust_C,AP Complaint: DHL3 Cust_C Series-G3 Issues with Aux Supply Fail R3 issue,Standard Warranty,Replace,GX,Y,Actual Complaint,,Other,Replace ADVC,Yes,Put on Hold until customer needs it ,1,,
2020,May-20,69502551,2020/05/05,6/05/2020,No,N/A,N/A,Maintenance Support,Series-C,N/A,N/A,Cust_H,AP Complaint: Cust_H: GIG File req- N series- Supplied W series file,Standard Warranty,Advise,GX,N,Customer Request,,Other,None,N/A,,,,
2020,May-20,69420243,2020/05/01,In Progress,CR-2729656,6/05/2020,2/06/2020,Troubleshooting*,Series-G,Function,Installation Failure,Cust_H,AP Complaint: Series-A27 Cust_B Energy Protection setup failure,Standard Warranty,Repair,GX,Y,Actual Complaint,,Other,Replace HMI,Yes,HMI to be sent to Rajesh,,,
2020,Apr-20,69351991,2020/04/29,In Progress,No,N/A,N/A,Troubleshooting*,Series-F,Other,Other,FPA,AP Complaint: PCB3 11 failure,Standard Warranty,Advise,GX,N,Customer Request,,Other,None,N/A,Looks like the old SCEM - Update required,,,
2020,Apr-20,69318558,2020/04/28,In Progress,No,N/A,N/A,Maintenance Support,Series-F,Aspect,Cracked/Broken/Deformed,Lendlease,AP Complaint: OVC2/S1 22/27.8 PS Repair or replacement of PS,Out of Warranty,Repair,GX,N,Customer Request,,Other,Repair,N/A,Repair at customer cost,1,,
2020,Apr-20,69237321,2020/04/24,1/05/2020,CR-2714290,24/04/2020,29/04/2020,Delivery or Collection Issues*,Series-F,N/A,N/A,IN Elect Eng ,AP Complaint: E27 external PS LV Cable missing,Standard Warranty,Replace,GX,N,Actual Complaint,,LAC,Send LV cable,Yes,,,,
2020,Apr-20,69177143,2020/04/22,27/04/2020,No,N/A,N/A,Installation / Setup,Series-C,N/A,N/A,Cust_L,AP Complaint: Series-C GIG file request,Standard Warranty,Advise,GX,N,Customer Request,,Other,None,N/A,,,,
2020,Apr-20,69172754,2020/04/22,In Progress,CR-2710262,22/04/2020,In Progress,Troubleshooting*,Series-G,Abnormal Indicatots,Other failure mode,Cust_A,AP Complaint: Series-G3 MDS 3293 of a LK3431 red LED light indicating green during commissioning. S/N 803063,Standard Warranty,Repair,GX,Y,Actual Complaint,,Other,Replace HMI,No,Awaiting unit to be returned,1,,
2020,Apr-20,69140400,2020/04/21,In Progress,No,N/A,N/A,Troubleshooting*,Series-G,Abnormal Indicatots,Other failure mode,Cust_C,AP Complaint: Cust_C Series-A Series-G2 FTIM Ttrip: KTS-MLN GasSwitch Pole 164A - Fault,Out of Warranty,?,EF,N,Actual Complaint,,Other,?,N/A,Possible Goodwill,1,,
2020,Apr-20,69065411,2020/04/17,1/05/2020,No,N/A,N/A,Installation / Setup,Series-G,N/A,N/A,Cust_B,AP Complaint: Series-G3 LBS for Cust_B issues with radio comms. DHL3,,Advise,GX,N,Customer Request,,Other,None,N/A,,,,
2020,Apr-20,69064360,2020/04/17,20/04/2020,No,N/A,N/A,Additional Documentation Request,Series-F,N/A,N/A,DPAS,AP Complaint: Series-A2 Type test streamlining- reports,Standard Warranty,Advise,GX,N,Customer Request,,Other,None,N/A,,,,
2020,Apr-20,68877442,2020/04/08,17/04/2020,CR-2690907,8/04/2020,17/04/2020,Delivery or Collection Issues*,Series-F,Aspect,Foreign substance / contamination,FPA,AP Complaint: supplied used PCB3 Card-,Standard Warranty,Advise,GX,N,Customer Request,,Other,None,Yes,,1,,
2020,Apr-20,68770627,2020/04/02,In Progress,No,N/A,N/A,Troubleshooting*,Series-B,Abnormal Indicatots,Other failure mode,Ttech Ltd,AP Complaint: Cust_C NCMA 624 - E Series ACR Wrong Phase Marking and Tripping,Standard Warranty,Advise,EF,N,Actual Complaint,,Other,None,N/A,,1,,
2020,Mar-20,68825875,2020/03/27,27/04/2020,CR-2684730,7/04/2020,3/04/2010,Troubleshooting*,Series-F,Mechanical,N/A,Cust_E,AP Complaint: L2-MV-Series-A2 Motor pack replacement - Known problem,Out of Warranty,Replace,GX,N,Actual Complaint,,Other,Replace Motor pack,Yes,Goodwill replacement,,,
2020,Mar-20,68644421,2020/03/27,In Progress,No,N/A,N/A,Troubleshooting*,Series-A,Appearance,Product Visual Quality,Cust_E,"AP Complaint: Series-A2 Cust_E CP62011 - Indicator fading Coventry Stoney, Bexley",?,Advise,?,N,Customer Request,,Other,None,N/A,,,,
2020,Mar-20,68616962,2020/03/26,26/03/2020,No,N/A,N/A,Installation / Setup,Series-G,N/A,N/A,W Corr,AP Complaint: RECLSOER Series-C GIGibration File,Standard Warranty,Advise,GX,N,Customer Request,,Other,None,N/A,,,,
2020,Mar-20,68616824,2020/03/26,In Progress,No,N/A,N/A,Troubleshooting*,Series-A,Functional,Unresponsive to Command,Cust_B,AP Complaint: Series-A2 Load break switch Mechanism Fail event/ DHL3 Cust_B Energy,?,Advise,GX,N,Actual Complaint,,Other,None,N/A,Awaiting possible update,1,,
2020,Mar-20,68586859,2020/03/25,Cancelled,No,N/A,N/A,Troubleshooting*,Series-F,N/A,N/A,Cust_J,AP Complaint: Cust_J: AVDC 2 terminaL- power down,N/A,Advise,GX,N,Customer Request,,Other,None,N/A,Cancelled replaced with Case 68586831 below,,,
2020,Mar-20,68586831,2020/03/25,2/04/2020,CR-2670029,25/03/2020,2/04/2020,Troubleshooting*,Series-F,Electronics,No Response,Cust_J,AP Complaint: Cust_J: TWP-10366_234-C-TWP-ESP-1920-FS -AVDC 2 terminaL- power down,Out of Warranty,Replace,GX,Y,Actual Complaint,,Other,Replace with ADVC3,Yes,good-will replacement,2,,
2020,Mar-20,68400107,2020/03/17,18/03/2020,No,N/A,N/A,Others*,Series-F,N/A,N/A,Nonaccount,AP Complaint: PFPD for Returned Series-A units,N/A,Advise,GX,N,Customer Request,,Other,None,N/A,Technical Question,,,
2020,Mar-20,68256187,2020/03/11,11/03/2020,No,N/A,N/A,Additional Documentation Request,Series-C,N/A,N/A,Power WEST,AP Complaint: Power West Series-G Battery MSDS,Standard Warranty,Advise,GX,N,Customer Request,,Other,None,N/A,,,,
2020,Mar-20,68215314,2020/03/10,11/03/2020,No,N/A,N/A,Troubleshooting*,Series-C,Other,Symptom not described ,Cust_B,AP Complaint: ENDEAUR Power-N27 - ant ingress,Standard Warranty,Advise,GX,N,Customer Request,,Other,None,N/A,,,,
2020,Mar-20,68144622,2020/03/06,In Progress,No,N/A,N/A,Troubleshooting*,Series-G,Electronics,Power Supply,Cust_C,AP Complaint: Cust_C Series-G3 failed aux supply on high input voltage unexpectedly,Standard Warranty,?,GX,?,Actual Complaint,,Other,?,N/A,Awaiting update,,,
2020,Mar-20,68114444,2020/03/05,8/04/2020,CR-2637988,5/03/2020,8/04/2020,Troubleshooting*,Series-G,Electronics,No Response,Cust_A,AP Complaint: SA Power Networks Series-G3 MDS 3222 - RE2850 - S/N 801776 - terminaL was continually power cycling,Standard Warranty,Replace,GX,Y,Actual Complaint,,Other,Replace with ADVC3,Yes ,Failed retest. Analysis may be required by R&D,1,,
2020,Mar-20,68111191,2020/03/05,8/04/2020,CR-2637744,5/03/2020,8/04/2020,Troubleshooting*,Series-G,Electronics,Display/HMI,Cust_A,AP Complaint: SAPowerNetworks MDS 3235 - RE2850 sensing current incorrectly across different phases and PanelB fault,Standard Warranty,Replace,GX,N,Actual Complaint,,Other,Replace with ADVC3,Yes,NFF in retest but CAPE replace anyway,,,
2020,Mar-20,68108871,2020/03/05,6/03/2020,CR-2640242,6/03/2020,20/03/2020,Troubleshooting*,Series-G,Electronics,Current Measurement,Cust_C,AP Complaint: Cust_C Series-G3 box1 Incorrect current reading,Standard Warranty,Replace,GX,Y,Actual Complaint,,Other,Replace with ADVC3,Yes,,1,,
2020,Mar-20,68034921,2020/03/03,3/03/2020,No,N/A,N/A,Installation / Setup,Series-F,N/A,N/A,ORMON PICKERS,AP Complaint: Recloser Inquiry :PCB3 Installation Set up,Standard Warranty,Advise,GX,N,Customer Request,,Other,None,N/A,,,,
2020,Mar-20,68034038,2020/03/03,4/03/2020,No,N/A,N/A,Additional Documentation Request,Series-A,N/A,N/A,Cust_F,AP Complaint: Cust_F Series-A MDIM and Motor pack part number,Standard Warranty,Advise,GX,N,Customer Request,,Other,None,N/A,,,,
2020,Feb-20,67400954,2020/02/07,18/03/2020,CR-2667971,24/03/2020,1/04/2020,Troubleshooting*,Series-G,Electronic,N/A,Cust_C,AP Complaint: Cust_C Cold Start issue,Standard Warranty,Replace,GX,Y,Actual Complaint,,Other,Replace with ADVC3,Yes,Add to March figures,,,
2020,Feb-20,67701565,2020/02/19,20/02/2020,CR-2614025,23/02/2020,In Progress,Troubleshooting*,Series-F,Electronic,No Response,Cust_M VIC,AP Complaint: Cust_M Series-G3 Faulty Set Vue,Standard Warranty,Replace,GX,N,Actual Complaint,,Other,Replace Set Vue,No,,,,
2020,Feb-20,67478545,2020/02/11,In Progress,CR-2616336,21/02/2020,In Progress,Troubleshooting*,Series-F,Electronic,Data Invalid / Corrupt,TasNW,AP Complaint: TasNW Suspect PCB3,Standard Warranty,Replace,GX,N,Actual Complaint,,Other,Replace SCEM,No,,,,
2020,Feb-20,67587280,2020/02/14,19/02/2020,No,N/A,N/A,Troubleshooting*,Series-A,N/A,N/A,Power QLD,AP Complaint: Cust_D Series-A27 Stock Code 247100 Series-A27 series switch supplied with short CCT cable,Standard Warranty,Advise,GX,N,Customer Request,,Other,None,N/A,CCT Cables are the correct length ,,,
2020,Feb-20,67475800,2020/02/11,15/02/2020,CR-2596477,11/01/2020,21/02/2020,Troubleshooting*,Series-F,Order,Other failure mode,Cust_H,AP Complaint: Cust_H Series-A38 INCORRECT RATING PLATE,Standard Warranty,Replace,GX,N,Actual Complaint,,LAC,Name Plate,Yes,,,,
2020,Jan-20,67193842,2020/01/30,20/02/2020,No,N/A,N/A,Troubleshooting*,Series-B,Abnormal Indicators,Other failure mode,Cust_C ,AP Complaint: Cust_C E-Series NCMA 624 Phase Marking,Standard Warranty,Advise,EF,N,Actual Complaint,,Other,None,N/A,,,,
2020,Jan-20,67017636,2020/01/23,6/02/2020,No,N/A,N/A,Troubleshooting*,Series-C,Electronic,Voltage incorrect,Cust_F ,AP Complaint: PowerQ Missing voltage measurements,Standard Warranty,Advise,GX,N,Actual Complaint,,Other,None,N/A,,,,
2020,Jan-20,66723475,2020/01/14,17/01/2020,CR-2577386,4/02/2020,28/02/2020,Troubleshooting*,Series-G,Electronic,Electronic Component failure,Cust_A,AP Complaint: Failed LED and No Audible Alarm,Standard Warranty,Advise,GX,N,Actual Complaint,,Other,Replace HMI,Yes,This is based on Case 59438099 which was already reported for EDR however NFF but agreed to change HMI,,,
2019,Dec-19,65831000,2019/12/10,7/02/2020,CR-2506919,11/12/2019,19/12/2019,10 - Troubleshooting*,Series-G,Electronic,Power Supply,Pivotal Engineering,AP Complaint: Illuka Series-G3 R3 Recloser with Aux Voltage Tolerance Fault (Pole 224A-HV006) DHoang L3,Standard Warranty,Replace,GX,Y,Actual Complaint,,Other,Replace ADVC3,Yes,,,,
2019,Nov-19,65503610,2019/11/29,In Progress,No,N/A,N/A,10 - Troubleshooting*,Series-G,Electronic,Current Measurement,Cust_M VIC,AP Complaint: UE Series-G-3 SET VUE Current reading error,Standard Warranty,Replace,GX,Y,Actual Complaint,,Other,?,N/A,,,,
2019,Nov-19,64988709,2019/11/28,9/12/2019,CR-2496568,5/12/2019,9/12/2019,8 - Installation / Setup,Series-F,N/A,N/A,PG Electric Supply,AP Complaint: Iiuka Series-G3 AUX oveSeries-Aoad -PS Exploded,Standard Warranty,Replace,GX,N,Actual Complaint,,Other,Replace VT,Yes,,,,
2019,Nov-19,65461479,2019/11/28,11/12/2019,CR-2487032,29/11/2019,11/12/2019,10 - Troubleshooting*,Series-F,Electronic,Display/HMI,Cust_A,AP Complaint: Cust_A terminaL PanelB control lost SO 220495881/20,Standard Warranty,Replace,GX,N,Actual Complaint,,Other,Replace ADVC3,Yes,,,,
2019,Nov-19,65269060,2019/11/22,11/12/2019,CR-2475572,22/11/2019,11/12/2019,Delivery or Collection Issues*,Series-C,N/A,N/A,TAS Group - Perth,AP Complaint: TAS N38 Recloser with no Bushing palm,Standard Warranty,Replace,GX,N,Actual Complaint,,LAC,,Yes,,,,
2019,Nov-19,65189674,2019/11/20,13/12/2019,No,N/A,N/A,Delivery or Collection Issues*,Series-F,N/A,N/A,TR,AP Complaint: Cust_M Series-G3 Flex instead of Setvue,Standard Warranty,Replace,GX,N,Customer Request,,LAC,,,,,,
2019,Nov-19,65183675,2019/11/20,17/02/2020,No,N/A,N/A,10 - Troubleshooting*,Series-F,Abnormal Indicators,Other failure mode,Cust_C,AP Complaint: Cust_C E-Series wrong Phase Markings,Standard Warranty,Advise,GX,N,Actual Complaint,,Other,,N/A,,,,
2019,Nov-19,65144042,2019/11/19,9/12/2019,CR-2491462,3/12/2019,6/12/2019,10 - Troubleshooting*,Series-G,Electronic,Communication Equipment,Magnetic Power Service,AP Complaint: Au Magnetic Series-G3 - Faulty USB,Standard Warranty,Replace,GX,Y,Actual Complaint,,Other,Replace ADVC3,Yes,,,,
2019,Nov-19,65028581,2019/11/14,12/12/2019,No,N/A,N/A,8 - Installation / Setup,Series-C,N/A,N/A,Hills PW,AP Complaint: N series recloser GIG file.,Standard Warranty,Advise,GX,N,Customer Request,,Other,,,,,,
2019,Nov-19,64899753,2019/11/11,2/12/2019,CR-2453867,12/11/2019,2/12/2019,12 - Doc Missing / Incorrect*,Series-A,Other,Other failure mode,Cust_C,AP Complaint: Cust_C LABELING PO 4261885 (incorrect Stencil on Crate),Standard Warranty,Repair,GX,N,Actual Complaint,,LAC,,Yes,,,,
2019,Nov-19,64807982,2019/11/07,12/12/2019,No,N/A,N/A,8 - Installation / Setup,Series-C,N/A,N/A,Cust_A,AP Complaint: N15 RE2283 S/N 702420 Damaged Surge Arrester Leads,Standard Warranty,Advise,GX,N,Actual Complaint,,LAC,,N/A,,,,
2019,Nov-19,64706440,2019/11/05,2/12/2019,CR-2440576,5/11/2019,2/12/2019,10 - Troubleshooting*,Series-A,Electrical,Overheating,Cust_A,AP Complaint: Cust_A- Series-A15 Hot joint,Standard Warranty,Replace,GX,N,Actual Complaint,,Other,Replace RL,Yes,,,,
2019,Oct-19,64566364,2019/10/31,7/11/2019,No,N/A,N/A,10 - Troubleshooting*,Series-F,Appearance,Leak,Cust_A,AP Complaint: Cust_A Series-A38 Load Switch with Silicone Grease Leak,Standard Warranty,Advise,GX,N,Actual Complaint,,LAC,,N/A,,,,
2019,Oct-19,64564163,2019/10/31,9/12/2019,CR-2441160,6/11/2019,9/12/2019,Product Selection & Services,Series-F,Order,Part selection incorrect,Cust_A,AP Complaint: Cust_A RE2292 Series-A38 33kV were specified with 6m leads but were supplied with 5m leads,Standard Warranty,Repair,GX,N,Actual Complaint,,LAC,8D only,Yes,,,,
2019,Oct-19,64462969,2019/10/29,5/11/2019,CR-2428475,29/10/2019,5/11/2019,10 - Troubleshooting*,Series-F,Electrical,Electrical component failure,Bara Mills,AP Complaint: Cust_A Series-G3 terminaL - WRONG PSU,Standard Warranty,Replace,EF,N,Actual Complaint,,LAC,Replace ADVC3,"Yes, these 2 are same complaint",,,,
2019,Oct-19,64368474,2019/10/25,30/10/2019,CR-2426110,28/10/2019,5/11/2019,10 - Troubleshooting*,Series-F,Electrical,Electrical component failure,Bara Mills,AP Complaint: St Barbara Mines Series-G232 Main Supply is not able to switch on - 24vdc transformer breaker has started to overheat,Standard Warranty,Replace,EF,N,Actual Complaint,,Other,,"Yes, these 2 are same complaint",,,,
2019,Oct-19,64356310,2019/10/25,25/10/2019,No,N/A,N/A,Product Selection & Services,Series-B,N/A,N/A,Cust_F,AP Complaint: Cust_F-Wind Rating _Bracket Drawing,Standard Warranty,Advise,GX,N,Customer Request,,,,N/A,,,,
2019,Oct-19,64318735,2019/10/24,9/12/2019,CR-2487062,29/11/2019,9/12/2019,10 - Troubleshooting*,Series-G,Electronic,Burnt Component,Cust_A,AP Complaint: Cust_A Series-G2 RE: RE2263 Series-G2 relay had an internal fault (IR2417 - Tarpeena South NC ID 102),Standard Warranty,Replace,GX,Y,Actual Complaint,,Other,Replace ADVC3,Yes,,,,
2019,Oct-19,64002477,2019/10/17,17/10/2019,No,N/A,N/A,Product Selection & Services,Series-G,N/A,N/A,TR,AP Complaint: UE Series-G3 terminaL Labelling,Standard Warranty,Advise,GX,N,Customer Request,,,,N/A,,,,
2019,Oct-19,63905049,2019/10/15,17/10/2019,CR-2408378,17/10/2019,18/10/2019,10 - Troubleshooting*,Series-G,Electronic,Current Measurement,PSD Power,AP Complaint: PSD Power Series-G3: PSD1414 - Series-C incorrect current DHoang L3 AU,Standard Warranty,Replace,GX,Y,Actual Complaint,,Other,Replace ADVC3,Yes,,,,
2019,Oct-19,63690898,2019/10/08,9/10/2019,No,N/A,N/A,9 - Maintenance,Series -F,N/A,N/A,Cust_L,AP Complaint: WP-GIG FILE FOR W Series SN 269342,Standard Warranty,Advise,GX,N,Customer Request,,,,N/A,,,,
2019,Oct-19,63495832,2019/10/01,2/10/2019,CR-2378011,1/10/2019,Cancelled,N/A,Series-F,N/A,N/A,Cust_F,"AP Complaint:- Cust_F- Drawing SC 2469229, Part No.: 501150000. Drawings Requested",Standard Warranty,Advise,GX,N,Customer Request,,,,N/A,,,,
2019,Sep-19,63228751,2019/09/23,9/12/2019,CR-2380094,2/10/2019,9/12/2019,10 - Troubleshooting*,Series-B,Aspect,Other appearance failure mode,Cust_C,AP Complaint: Cust_C E series incorrect terminal markings/ Hawkesdale ACR,Standard Warranty,Repair,GX ,N,Actual Complaint,,Other,,Yes,,,,
2019,Sep-19,62790265,2019/09/11,13/09/2019,No,N/A,N/A,Order Inquiry,Series-F,N/A,N/A,Resources Ltd ,AP Complaint: : JA Nameplate vs Series-G Current Rating,Standard Warranty,Advise,GX,N,Customer Request,,,,N/A,,,,
2019,Sep-19,62788810,2019/09/11,12/09/2019,No,N/A,N/A,N/A,Series-F,N/A,N/A,Resources Ltd ,AP Complaint:-JA Nameplate vs Series-G Current Rating DHoang L3,Standard Warranty,Advise,GX,N,Customer Request,,,,N/A,,,,
2019,Sep-19,62783568,2019/09/11,17/10/2019,CR-2341652,11/09/2019,14/10/2019,10 - Troubleshooting*,Series-G,Electronic,Current Measurement,Cust_C,AP Complaint:-Cust_C Faulty Series-E box1 Inaccurate current reading,Standard Warranty,Replace,GX,Y,Actual Complaint,,Other,,Yes,,,,
2019,Aug-19,61945807,2019/08/19,17/10/2019,CR-2325692,3/09/2019,14/10/2019,10 - Troubleshooting*,Series-G,Electronic,Power Supply,Logicamms West Ltd,AP Complaint: Pivotal Engineering Series-G3 Aux Supply off (Wrong R3) DHoang L3 Au,Standard Warranty,Replace,GX,Y,Actual Complaint,,Other,Replace ADVC3,Yes,,,,
2019,Aug-19,61850074,2019/08/15,12/12/2019,CR-2319756,29/08/2019,4/09/2019,10 - Troubleshooting*,Series-G,Electronic,Electronic component failure,Cust_A,AP Complaint: Cust_A Series-G2 Program Fault R5564 Investigation DHoang L3 Au,Standard Warranty,Replace,GX,Y,Actual Complaint,,Other,Replace ADVC3,Yes,,,,
2019,Aug-19,61847119,2019/08/15,12/09/2019,CR-2319944,29/08/2019,12/09/2019,10 - Troubleshooting*,Series-G,Electronic,No Response,Cust_D,"AP Complaint: Cust_D Series-G2 X1833749 McLean Rd South, Camp Mountain - Data Fail DHoang L3 Au",Standard Warranty,Replace,GX,Y,Actual Complaint,,Other,,Yes,,,,
2019,Aug-19,61758456,2019/08/13,17/10/2019,CR-2291077,13/08/2019,11/10/2019,10 - Troubleshooting*,Series-A,Electronic,Electronic sensing,Cust_B,AP Complaint: Cust_B Series-A27 S/N: 701442 / Series-G3 SN 801442 Open status display faulty DHoang L3,Standard Warranty,Replace,GX,Y,Actual Complaint,,Other, ,Yes,,,,
2019,Jul-19,61283244,2019/07/31,13/12/2019,No,N/A,N/A,9 - Maintenance,Series-C,N/A,N/A,Cust_B,AP Complaint: Cust_B Energy N27+Series-G3 unable to write to PCB3 / ACR disabled,Out of Warranty,Advise,GX,N,Actual Complaint,,Other, ,,,,,
2019,Jul-19,61282795,2019/07/31,12/12/2019,CR-2281703,7/08/2019,Cancelled,10 - Troubleshooting*,Series-F,Other,Other failure mode,Cust_C,AP Complaint: Cust_C W+Series-G3 Voltage secondary injection error and LAN1 IP not written,Standard Warranty,Replace,GX,N,Actual Complaint,x,Other,Replace ADVC3,,,,,
2019,Jul-19,61089903,2019/07/26,7/08/2019,CR-2281700,7/08/2019,15/08/2019,10 - Troubleshooting*,Series-G,Electronic,Communication lost,TAS WA,AP Complaint: TAS: Series-G3 terminaL PanelB showing unsual language DHoang L3 Au,Standard Warranty,Replace,GX,Y,Actual Complaint,x,Other,Replace ADVC3,,,,,
2019,Jul-19,60743604,2019/07/18,7/08/2019,CR-2281695,7/08/2019,7/08/2019,10 - Troubleshooting*,Series-G,Electronic,Communication lost,HAHN ELECTRICAL,AP Complaint: Howe ElectriGIG Series-G3 PanelB Comms Lost error,Standard Warranty,Replace,GX,Y,Actual Complaint, ,Other, ,,,,,
2019,Jul-19,60520689,2019/07/12,7/08/2019,No,N/A,N/A,9 - Maintenance,Series-A,N/A,N/A,FPA VIC,AP Complaint: FPA Series-A+Series-G3 - switch / crate damaged in customer depot - return for repair at customer's cost,Standard Warranty,Repair,GX,N,Actual Complaint,x,Other,Replace ADVC3,,,,,
2019,Jul-19,60520168,2019/07/12,15/08/2019,CR-2236338,12/07/2019,15/08/2019,10 - Troubleshooting*,Series-G,Function,Other functional failure mode,Cust_B,AP Complaint: Cust_B Energy Damaged port on Series-G3 box1,Standard Warranty,Replace,GX,Y,Actual Complaint,,LAC, ,,,,,
2019,Jul-19,60389141,2019/07/09,9/07/2019,No,N/A,N/A,8 - Installation / Setup,Series-F,N/A,N/A,Cust_H,AP Complaint: Cust_H Request for latest SW software download link / enquiry re Hit & Run,Standard Warranty,Advise,GX,N,Customer Request,,, ,,,,,
2019,Jul-19,60388134,2019/07/09,11/07/2019,No,N/A,N/A,9 - Maintenance,Series-F,N/A,N/A,Cust_B,AP Complaint: Cust_B Energy Series-E PCB3 failure,Out of Warranty,Advise,EF,N,Actual Complaint,,Other, ,,,,,
2019,Jul-19,60386059,2019/07/09,7/08/2019,CR-2228358,9/07/2019,7/08/2019,7 - Delivery / Collection*,Series-F,Other,Other failure mode,Cust_B,AP Complaint: Cust_B Energy PS cable protection bags gathering water,Standard Warranty,Advise,GX,N,Actual Complaint,,LAC, ,,,,,
2019,Jul-19,60331017,2019/07/08,11/07/2019,CR-2281672,7/08/2019,7/08/2019,10 - Troubleshooting*,Series-F,Electronic,Communication lost,Cust_B,AP Complaint: Cust_B Energy Series-A27S PCB3 card reported as faulty,Standard Warranty,Replace,GX,N,Actual Complaint,,Other, ,,,,,
2019,Jul-19,60149667,2019/07/03,9/12/2019,CR-2218991,3/07/2019,9/11/2019,10 - Troubleshooting*,Series-A,Function,Other functional failure mode,Cust_J,AP Complaint: Horizon WA Low gas lockout Series-A-FA Mfd 01/2014,Out of Warranty,Advise,EF,N,Actual Complaint,,Other,Replace RL,Yes,,,,
2019,Jul-19,60104637,2019/07/02,5/12/2019,No,N/A,N/A,9 - Maintenance,Series-F,N/A,N/A,Cust_C,AP Complaint: Cust_C N series Series-G3 Frequency Setting Error & Erratic Voltage Measurements,Out of Warranty,Advise,EF,N,Actual Complaint,,Other,,,,,,
2019,Jun-19,59703317,2019/06/19,7/08/2019,CR-2194365,19/06/2019,7/08/2019,10 - Troubleshooting*,Series-A,Plant,Order,FPA VIC,AP Complaint: FPA 2 x Series-AF dressed / configured incorrectly,Standard Warranty,Repair,AR,N,Actual Complaint,,LAC,,,,,,
2019,Jun-19,59702863,2019/06/19,7/08/2019,CR-2194351,19/06/2019,7/08/2019,10 - Troubleshooting*,Series-A,Plant,Order,TR,AP Complaint: Ue 2 x Series-AF units incorrected dressed / despatched,Standard Warranty,Repair,AR,N,Actual Complaint,x,LAC,ADVC,,,,,
2019,Jun-19,59438099,2019/06/11,7/08/2019,CR-2178894,11/06/2019,7/08/2019,10 - Troubleshooting*,Series-G,Electronic,Electronic component failure,Cust_A,AP Complaint: Cust_A MDS2911 Failed LED and No Audible Alarm Series-G3 SN801986 Mfd 05/2019,Standard Warranty,Replace,AR,Y,Actual Complaint,,Other,,,,,,
2019,May-19,59047862,2019/05/27,27/05/2019,CR-2169440,5/06/2019,5/06/2019,10 - Troubleshooting*,Series-F,Order,Custom order processed incorrectly,DPAS NZ,AP Complaint: DPAS NZ Missing surge arrester bracket,Standard Warranty,Replace,AR,N,Actual Complaint,x,LAC,ADVC,,,,,
2019,May-19,58974212,2019/05/23,5/06/2019,CR-2169452,5/06/2019,Open,10 - Troubleshooting*,Series-G,Electronic,Communication lost,Cust_B,AP Complaint: Series-G3 Cust_B Energy LBS Fail to ElectriGIGly open,Standard Warranty,Replace,AR,Y,Actual Complaint,,Other,,,,,,
2019,May-19,58800529,2019/05/16,5/06/2019,No,N/A,N/A,6 - Order Modification,Series-F,N/A,N/A,Cust_A,AP Complaint: Cust_A Incorrect Substation Frame supplied,Standard Warranty,Replace,AR,N,Actual Complaint,,LAC,,,,,,
2019,May-19,58709889,2019/05/14,5/06/2019,CR-2169469,5/06/2019,5/06/2019,10 - Troubleshooting*,Series-C,Order,Custom order processed incorrectly,Excess ,AP Complaint: Excess Power Incorrect rating plate supplied N15 recloser,Standard Warranty,Replace,AR,N,Actual Complaint,x,LAC,ADVC,,,,,
2019,May-19,58675361,2019/05/13,5/06/2019,CR-2128172,13/05/2019,Open,10 - Troubleshooting*,Series-G,Electronic,Communication lost,Cust_C,AP Complaint: Cust_C Series-G3 box1 replacement due to mutiple failures,Standard Warranty,Replace,AR,Y,Actual Complaint,x,Other,RL,,,,,
2019,May-19,58566182,2019/05/08,5/06/2019,CR-2169490,5/06/2019,5/06/2029,10 - Troubleshooting*,Series-A,Electrical,Pole Resistance,Cust_A,AP Complaint: Cust_A Series-A27 failed Cust_A millivolt testing,Standard Warranty,Repair,AR,Y,Actual Complaint,,Other,,,,,,
2019,May-19,58524572,2019/05/07,23/07/2019,CR-2117784,7/05/2019,23/07/2019,10 - Troubleshooting*,Series-A,Order,Custom order processed incorrectly,Cust_A,"AP Complaint: Cust_A Series-A Tank indication ""ON"" and ""OFF"" instead of ""I"" and ""O""",Standard Warranty,Repair,AR,N,Actual Complaint,,LAC,,,,,,
2019,May-19,58423772,2019/05/02,7/08/2019,No,N/A,N/A,8 - Installation / Setup,Series-F,N/A,N/A,Cust_A,AP Complaint: Cust_A new SVIIS reported failed in use,Standard Warranty,Advise,AR,N,Customer Request,x,,ADVC,,,,,
2019,May-19,58401292,2019/05/01,7/08/2019,CR-2169364,5/06/2019,7/08/2019,10 - Troubleshooting*,Series-G,Electronic,Communication lost,Cust_D,AP Complaint: Cust_F Faulty Series-G2 box1 module,Standard Warranty,Replace,AR,Y,Actual Complaint,,Other,,,,,,
2019,Apr-19,58112314,2019/04/18,In progress,CR-2106706,30/04/2019,Open,10 - Troubleshooting*,Series-A,Aspect,Cracked/Broken/Deformed,Cust_B,AP Complaint: Cust_B 2 x LBS units reported with bushing damage,Standard Warranty,Report,AR,N,Actual Complaint,,LAC,,,,,,
2019,Apr-19,58109601,2019/04/18,30/04/2019,No,N/A,N/A,9 - Maintenance,Series-F,N/A,N/A,Cust_E,AP Complaint: Cust_E Series-G 3 software and Software versions update,Standard Warranty,Advise,AR,N,Customer Request,x,,ADVC,,,,,
2019,Apr-19,58035752,2019/04/16,13/05/2019,CR-2123062,9/05/2019,13/05/2019,10 - Troubleshooting*,Series-G,Electronic,Electronic component failure,Cust_A,AP Complaint: Cust_A MDS 2831 - RD4810 Series-G3 terminaL with No Audible Tone,Standard Warranty,Replace,AR,Y,Actual Complaint,,Other,,,,,,
2019,Apr-19,57998783,2019/04/15,30/04/2019,No,N/A,N/A,9 - Maintenance,Accessories,N/A,N/A,MP Control,AP Complaint: MP Control Series-C with PRtrip time queries SW 5.16.13,Out of warranty,Advise,EF,N,Customer Request,,,,,,,,
2019,Apr-19,57647774,2019/04/03,18/06/2019,CR-2060940,30/04/2019,18/06/2019,10 - Troubleshooting*,Series-A,Aspect,Shape or size is incorrect,Cust_C,AP Complaint: Cust_C Bushing cover lengths for gas switch leads - tech PLEASE CHECK WITH Cust_C ABB BOOT,Standard Warranty,Change Request,AR,N,Customer Request,x,,ADVC,,,,,
2019,Apr-19,57612396,2019/04/02,5/06/2019,CR-2123064,9/05/2019,5/06/2019,10 - Troubleshooting*,Series-G,Electronic,Communication lost,Cust_A,AP Complaint: Cust_A MDS-2395 1) Series-G2 SN604641 PanelB Comms Lost,Standard Warranty,Replace,AR,Y,Actual Complaint,,Other,,,,,,
2019,Apr-19,57612396,2019/04/02,5/06/2019,CR-2123064,9/05/2019,5/06/2019,10 - Troubleshooting*,Series-C,Electrical,Pole Resistance,Cust_A,AP Complaint: Cust_A MDS-2395 2) MDS-2672 N15 501380 B-phase CT faulty,Extended Warranty,Replace,EF,Y,Actual Complaint, ,Other,,,,,,
2019,Apr-19,57608060,2019/04/02,13/05/2019,CR-2058304,2/04/2019,13/05/2019,10 - Troubleshooting*,Series-G,Order,Part selection incorrect,Cust_A,AP Complaint: Cust_A MDS-2747 Series-G3 - 3 units received with setVUE panels i/o flexVUE,Standard Warranty,Replace,AR,N,Actual Complaint,,LAC,,,,,,
2019,Apr-19,57607867,2019/04/02,5/06/2019,CR-2123067,9/05/2019,5/06/2019,9 - Maintenance,Series-G,Electronic,Communication lost,Cust_A,AP Complaint: Cust_A Series-G2 SN466756 DOM 03/2014 failed LED in PanelB display,Out of warranty,Replace,EF,Y,Actual Complaint, ,Other, ,,,,,
2019,Apr-19,57607362,2019/04/02,5/06/2019,CR-2058258,2/04/2019,5/06/2019,10 - Troubleshooting*,Series-C,Aspect,Foreign substance / contamination,Cust_A,AP Complaint: Cust_A MDS-2750 1) Series-C bushing leaking silicon on receipt at depot,Standard Warranty,Repair,AR,N,Actual Complaint, ,LAC,,,,,,
2019,Apr-19,57607362,2019/04/02,5/06/2019,CR-2058258,2/04/2019,5/06/2019,10 - Troubleshooting*,Series-G,Order,Part selection incorrect,Cust_A,AP Complaint: Cust_A MDS-2750 2) Series-G3A received instead of Series-G3B,Standard Warranty,Replace,AR,N,Actual Complaint,,LAC,,,,,,
2019,Apr-19,57567803,2019/04/01,5/06/2019,CR-2055995,1/04/2019,5/06/2019,7 - Delivery / Collection*,Series-G,Other,Other failure mode,Cust_A,AP Complaint: Cust_A MDS2756 SO8257082/120 terminaL broken from crate in transit,Standard Warranty,Change Request,AR,N,Actual Complaint,x,Other,ADVC,,,,,
2019,Mar-19,57410529,2019/03/27,In progress,CR-2060917,3/04/2019,11/10/2019,10 - Troubleshooting*,Series-G,Electronic,Electronic component failure,Cust_C,AP Complaint: Cust_C Series-G3B box1 current reading fluctuating,Standard Warranty,Replace,AR,Y,Actual Complaint,x,Other,ADVC,Yes,,,,
2019,Mar-19,57321984,2019/03/25,30/04/2019,CR-2043284,25/03/2019,30/04/2019,10 - Troubleshooting*,Series-G,Electronic,Electronic component failure,Cust_C,AP Complaint: Cust_C 4 x Series-G3 box1s 'Noise' SN900054 / SN900043 / SN900044 / SN900071,Standard Warranty,Replace,AR,Y,Actual Complaint,,Other,,,,,,
2019,Mar-19,57199848,2019/03/20,13/05/2019,CR-2036041,20/03/2019,13/05/2019,10 - Troubleshooting*,Series-C,Electrical,Electrical discontinuity,Cust_A,AP Complaint: Cust_A MDS 2563 33Kv Series-C QX0065 - replace under warranty,Extended Warranty,Replace,EF,Y,Actual Complaint,,Other,,,,,,
2019,Mar-19,57196613,2019/03/20,22/03/2019,No,N/A,N/A,8 - Installation / Setup,Series-G,N/A,N/A,Calibre Group,AP Complaint: GIGibre WA SW remote connection / SW & SCADA alarms display discrepancy,Out of warranty,Advise,EF,N,Customer Request,,,,,,,,
2019,Mar-19,57029475,2019/03/14,30/04/2019,CR-2025233,14/03/2019,30/04/2019,7 - Delivery / Collection*,Series-A,Aspect,Cracked/Broken/Deformed,Cust_C,AP Complaint: Cust_C Series-A27 manual unit damaged in transit by Toll - replace under warranty,Standard Warranty,Replace,AR,N,Actual Complaint,,Other,,,,,,
2019,Mar-19,56946932,2019/03/12,12/03/2019,CR-2019779,12/03/2019,Open,10 - Troubleshooting*,Series-F,Order,Missing / extra parts,DPAS NZ,AP Complaint: SE NZ 3 Holders missing FG 998000108,Standard Warranty,Replace,AR,N,Actual Complaint,,LAC,,,,,,
2019,Mar-19,56711940,2019/03/05,7/08/2019,CR-2006963,7/08/2019,Open,10 - Troubleshooting*,Series-A,Aspect,Surface quality is incorrect,Cust_H,AP Complaint: Cust_H Series-A enclosed switch indicator fading,Out of warranty,Replace,EF,Y,Actual Complaint,,Other,,,,,,
2019,Mar-19,56707286,2019/03/05,3/04/2019,No,N/A,N/A,11 - Doc Missing / wrong,Series-C,N/A,N/A,Cust_F,AP Complaint: Cust_F QLD PTC request Series-C QX3300,Extended Warranty,Advise,EF,N,Customer Request,,,,,,,,
2019,Feb-19,56584227,2019/02/28,28/02/2019,No,N/A,N/A,9 - Maintenance,Series -F,N/A,N/A,Cust_L,AP Complaint: Cust_L assistance with GIG file for single phase recloser S/N C149/7a,Out of Warranty,Advise,EF,N,Customer Request, ,,,,,,,
2019,Feb-19,56584210,2019/02/28,30/04/2019,CR-1999444,28/02/2019,30/04/2019,10 - Troubleshooting*,Series-G,Function,Other functional failure mode,Cust_C,AP Complaint: Cust_C Series-G3A box1's to be replaced with Series-G3B box1s to allow E-Series operation,Standard Warranty,Replace,GX,N,Actual Complaint, ,Other,,,,,,
2019,Feb-19,56502088,2019/02/26,26/02/2019,CR-1994139,26/02/2019,26/02/2019,10 - Troubleshooting*,Series-A,Aspect,Cracked/Broken/Deformed,Cust_B,AP Complaint: Cust_B Energy Series-A27 SN710260 damaged on arrival - return for repair,Standard Warranty,Repair,GX,N,Actual Complaint,,Other,,,,,,
2019,Feb-19,56413683,2019/02/22,30/04/2019,No,N/A,N/A,8 - Installation / Setup,N/A,N/A,N/A,Cust_C,AP Complaint: Cust_C DNP3 point naming conventions queried,Standard Warranty,Change Request,GX,N,Customer Request,,,,,,,,
2019,Feb-19,56367174,2019/02/21,25/02/2019,No,N/A,N/A,N/A,N/A,N/A,N/A,DPAS ,AP Complaint: DPAS New GIGedonia EnerGIG Request for reclosers techniGIG information,Standard Warranty,Advise,GX,N,Customer Request,x,,ADVC,,,,,
2019,Feb-19,56332644,2019/02/20,30/04/2019,CR-2014801,8/03/2019,30/04/2019,10 - Troubleshooting*,Series-G,Mechanical,Part Damage or Failure,Cust_C,AP Complaint: Cust_C Series-G3 box1s with USB cable unable to remove (5 units),Standard Warranty,Replace,GX,Y,Actual Complaint,,LAC,,,,,,
2019,Feb-19,56331056,2019/02/20,25/02/2019,No,N/A,N/A,N/A,N/A,N/A,N/A,Cust_F,AP Complaint: Cust_F PTC requested for 2 Series-C / Series-G2 orders,Standard Warranty,Advise,GX,N,Customer Request,x,,ADVC,,,,,
2019,Feb-19,56329868,2019/02/20,30/04/2019,CR-1999526,28/02/2019,30/04/2019,10 - Troubleshooting*,Series-G,Electronic,Communication lost,Cust_B,AP Complaint: Cust_B Energy 5 x Series-G3 box1s reported as faulty,Standard Warranty,Replace,GX,Y,Actual Complaint, ,Other,,,,,,
2019,Feb-19,56328004,2019/02/20,5/06/2019,CR-2014820,8/03/2019,5/06/2019,10 - Troubleshooting*,Series-G,Electronic,Communication lost,Cust_A,AP Complaint: Cust_A Series-G2 PanelB Comms Lost SN601252 (part of RE1012) PanelB fail SO8257082 / line 120 Mfd 09/2017,Extended Warranty,Replace,EF,Y,Actual Complaint,x,Other,ADVC,,,,,
2019,Feb-19,56326692,2019/02/20,30/04/2019,CR-2014825,8/03/2019,30/04/2019,10 - Troubleshooting*,Series-G,Electronic,Communication lost,Cust_B,AP Complaint: Cust_B Energy Series-G3 SN1569490 LAN / radio comms issue reported,Standard Warranty,Replace,GX,Y,Actual Complaint,,Other,,,,,,
2019,Feb-19,56325144,2019/02/20,25/02/2019,No,N/A,N/A,N/A,N/A,N/A,N/A,GLENCORE,AP Complaint: Glencore Request for 5 x Series-C .GIG files,Out of Warranty,Advise,EF,N,Customer Request,,,,,,,,
2019,Feb-19,56247418,2019/02/18,26/02/2019,CR-1991930,25/02/2019,26/02/2019,10 - Troubleshooting*,Series-F,Other,Other failure mode,DPAS,AP Complaint: EEC New GIGedonia Enquiry re modem connection,Standard Warranty,Software Fix,EF,N,Actual Complaint,,Other,,,,,,
2019,Feb-19,56165586,2019/02/14,25/02/2019,No,N/A,N/A,N/A,N/A,N/A,N/A,MPOWER,AP Complaint: MPower NSW PO# POR019833 - AP1807024 - query re cables & connectors supplied with order,Standard Warranty,Advise,GX,N,Customer Request,,,,,,,,
2019,Feb-19,56159111,2019/02/14,14/02/2019,No,N/A,N/A,N/A,N/A,N/A,N/A,Cust_F,AP Complaint: Cust_F Factory Test Report_N Series Recloser copies requested,Out of Warranty,Advise,EF,N,Customer Request,,,,,,,,
2019,Feb-19,56080778,2019/02/12,7/03/2019,CR-1991941,25/02/2019,7/03/2019,10 - Troubleshooting*,Series-F,Other,Other failure mode,Cust_C,AP Complaint: Cust_C Request for EER / Series-G3 / E-Series connection instructions for testing,Standard Warranty,Software Fix,GX,N,Actual Complaint,,Other,,,,,,
2019,Feb-19,55930983,2019/02/06,15/02/2019,No,N/A,N/A,N/A,N/A,N/A,N/A,NEWCREST PNG,AP Complaint: Query received re Cadia Nulec N38 settings,Out of Warranty,Advise,EF,N,Customer Request,,,,,,,,
2019,Jan-19,55612667,2019/01/25,4/02/2019,CR-1954656,4/02/2019,4/02/2019,7 - Delivery / Collection*,Series-F,Order,Missing / extra parts,DPAS NZ,AP Complaint: DPAS NZ Customer advises SA Bracket 992000020 not received,Standard Warranty,Replacement,GX,N,Actual Complaint,,LAC,,,,,,
2019,Jan-19,55532756,2019/01/23,4/02/2019,No,N/A,N/A,9 - Maintenance,Series-F,N/A,N/A,Cust_F,AP Complaint: Cust_F Request for software A45-31.00 / 01,Standard Warranty,Advise,GX,N,Customer Request,,,,,,,,
2019,Jan-19,55532417,2019/01/23,4/02/2019,CR-1954659,4/02/2019,25/02/2019,10 - Troubleshooting*,Series-F,Other,Other failure mode,Cust_F,AP Complaint: Cust_F WIN10 SW 5.16.16 and USB connection error rectification requested,Standard Warranty,Advise,GX,N,Actual Complaint,,Other,,,,,,
2019,Jan-19,55531329,2019/01/23,23/01/2019,No,N/A,N/A,9 - Maintenance,Accessories,N/A,N/A,PETRO MIN,AP Complaint: Petromin Enquiry re compatible SW / PRsoftware versions,Out of Warranty,Advise,EF,N,Customer Request,,,,,,,,
2019,Jan-19,55490082,2019/01/22,26/02/2019,CR-1959608,6/02/2019,26/02/2019,10 - Troubleshooting*,Series-F,Order,Missing / extra parts,DPAS NZ,AP Complaint: DPAS NZ reported missing bracket in order,Standard Warranty,Replacement,GX,N,Actual Complaint,x,LAC,ADVC,,,,,
2019,Jan-19,55447072,2019/01/21,4/02/2019,CR-1954746,4/02/2019,4/02/2019,10 - Troubleshooting*,Series-G,Electronic,Electronic component failure,SSE,AP Complaint: SSE Series-G3 Mfd Mar 2018 PanelB Comms Lost,Standard Warranty,Replacement,GX,Y,Actual Complaint,,Other,,,,,,
2019,Jan-19,55405051,2019/01/18,18/01/2019,CR-1954757,4/02/2019,OPEN,10 - Troubleshooting*,Series-A,Electronic,Communication lost,Cust_A,AP Complaint: Cust_A Series-A with Series-G2 gas pressure fluctuation (faulty PCB3),Extended Warranty,Replacement,EF,N,Actual Complaint,,Other,,,,,,
2019,Jan-19,55405003,2019/01/18,30/04/2019,No,N/A,N/A,8 - Installation / Setup,Series-G,N/A,N/A,Cust_C,AP Complaint: Cust_C Series-G3 anomalies reported by Mark Jackson,Standard Warranty,Advise,GX,N,Customer Request,,,,,,,,
2019,Jan-19,55399444,2019/01/18,7/03/2019,No,N/A,N/A,8 - Installation / Setup,Series-F,N/A,N/A,Cust_F,AP Complaint: Cust_F Request for connection instructions for 12.7kV single phase PS,Standard Warranty,Advise,GX,N,Customer Request,,,,,,,,
2019,Jan-19,55246205,2019/01/14,4/02/2019,CR-1954767,4/02/2019,4/02/2019,10 - Troubleshooting*,Series-G,Electronic,Communication lost,Cust_A,AP Complaint: MDS 2641 RE1012 software upgrade fail S#482626 R5588,Extended Warranty,Replacement,EF,Y,Actual Complaint,,Other,,,,,,
2019,Jan-19,55245720,2019/01/14,25/02/2019,No,N/A,N/A,8 - Installation / Setup,Series-G,N/A,N/A,TR,AP Complaint: Cust_K Suspected Mal-Operation of Series-G2 ACR,Out of Warranty,Advise,EF,N,Customer Request,,,,,,,,
2019,Jan-19,55122749,2019/01/09,9/01/2019,No,N/A,N/A,9 - Maintenance,Series-G,N/A,N/A,Cust_A,AP Complaint: Cust_A Query re Series-G 2 box1 repair,Extended Warranty,Advise,EF,N,Customer Request,,,,,,,,
2019,Jan-19,55119997,2019/01/09,1/03/2019,CR-1959651,6/02/2019,1/03/2019,10 - Troubleshooting*,Series-G,Electronic,Communication lost,Cust_F,AP Complaint: Cust_F Series-G2 Noise Non functioning Relay,Extended Warranty,Replacement,EF,Y,Actual Complaint,,Other,,,,,,
2019,Jan-19,55044420,2019/01/07,7/01/2019,No,N/A,N/A,9 - Maintenance,Accessories,N/A,N/A,Cust_F,AP Complaint: Cust_F 30V Nulec CAPM 4-5 - 'Event log flooding -'External Close Required',Out of Warranty,Advise,EF,N,Actual Complaint,,Other,,,,,,
2019,Jan-19,55038077,2019/01/07,8/01/2019,No,N/A,N/A,3 - Quotation Request,Series-F,N/A,N/A,MURRIN MURRIN,AP Complaint: Murrin Murrin WA RFQ 879352 (PCB311C for N38 recloser),Standard Warranty,Advise,GX,N,Customer Request,x,,,,,,,
2018,Dec-18,54610389,2018/12/17,5/03/2019,CR-1891912,20/12/2018,5/03/2019,10 - Troubleshooting*,Series-A,Order,Documentation or labelling,Cust_B,AP Complaint: Cust_B Energy Series-A LBS incorrect .GIG file serial no (terminaL serial used i/o switchgear),Standard Warranty,Replace,Gx,Y,Actual Complaint,x,,,,,,,
2018,Dec-18,54326364,2018/12/06,6/12/2018,CR-1867665,6/12/2018,6/12/2018,10 - Troubleshooting*,Series-G,Other,Other failure mode,Cust_C,AP Complaint: Cust_C Series-G3 front panel Cust_C inserts not lining up correctly,Standard Warranty,Replace,GX,Y,Actual Complaint,,,,,,,,
2018,Dec-18,54248904,2018/12/04,13/05/2019,No,N/A,N/A,8 - Installation / Setup,Series-G,N/A,In Progress,Cust_C,AP Complaint: Cust_C Series-G3 DNP3 SCADA points issues,Standard Warranty,Software Fix,GX,N,Customer Request,,,,,,,,
2018,Dec-18,54243861,2018/12/04,4/12/2018,No,N/A,N/A,11 - Doc Missing / Wrong,Series-C,N/A,Closed,Cust_D,AP Complaint: Cust_D N38 SN489227 Mfd Sep 2016 request for PTC copy,Out of Warranty,Advise,EF,N,Customer Request,,,,,,,,
2018,Nov-18,54118966,2018/11/29,29/11/2018,No,N/A,N/A,7 - Delivery / Collection*,Series-A,N/A,N/A,Cust_A,AP Complaint: Cust_A MDS2472 Toll Transport insufficient load restraint,Standard Warranty,Advise,GX,N,Actual Complaint,,,,,,,,
2018,Nov-18,54035153,2018/11/27,27/02/2019,CR-1855145,29/11/2018,27/02/2019,10 - Troubleshooting*,Series-F,Electrical,Circuit does not operate,Cust_M VIC,AP Complaint: Cust_M VIC 22kV / 240V PS failure reported,Standard Warranty,Replace,EF,N,Actual Complaint,,,,,,,,
2018,Nov-18,53726019,2018/11/15,15/11/2018,No,N/A,N/A,9 - Maintenance,Series-C,N/A,N/A,Cust_L,AP Complaint: Cust_L GIG File for Recloser s/n 125732,Out of Warranty,Advise,EF,N,Customer Request,x,,,,,,,
2018,Nov-18,53722213,2018/11/15,30/11/2018,CR-1831567,15/11/2018,30/11/2018,10 - Troubleshooting*,Series-G,Electronic,Communication lost,Cust_F,AP Complaint: Cust_F Series-G2 PanelB Comms Lost,Standard Warranty,Replace,GX,Y,Actual Complaint,,,,,,,,
2018,Nov-18,53686485,2018/11/14,30/11/2018,CR-1829135,14/11/2018,31/11/18,10 - Troubleshooting*,Accessories,Other,Other failure mode,Cust_F,AP Complaint: Cust_F Energy PRCAPM 5 - software 527-09.00 - Suspicious Event Log Error,Out of Warranty,Advise,EF,N,Actual Complaint,x,,,,,,,
2018,Nov-18,53642194,2018/11/13,30/11/2018,CR-1826417,13/11/2018,31/11/18,10 - Troubleshooting*,Series-G,Order,Documentation or labelling,Cust_F,AP Complaint: Cust_F SO220746285 Series-G2 SN605266 Series-G2-1070-E label missing on terminaL,Standard Warranty,Repair,GX,Y,Actual Complaint,,,,,,,,
2018,Nov-18,53418094,2018/11/05,5/11/2018,No,N/A,N/A,8 - Installation / Setup,Series-B,N/A,N/A,Cust_C,"AP Complaint: Cust_C New ""E"" Series 27kV ACR - issue with brackets & leads",Standard Warranty,Advise,GX,N,Customer Request,,,,,,,,
2018,Oct-18,53319296,2018/10/31,31/10/2018,No,N/A,N/A,9 - Maintenance,Series-C,N/A,N/A,Cust_L,AP Complaint: Cust_L WA Series-C GIG file Request Recloser SN447646,Out of Warranty,Advise,EF,N,Customer Request,,,,,,,,
2018,Oct-18,53241419,2018/10/29,29/10/2018,CR-1814230,6/11/2018,30/11/2018,10 - Troubleshooting*,Series-G,Other,Other failure mode,Cust_B,AP Complaint: Cust_B Series-G3 / SW NTP Settings,Standard Warranty,Software Fix,GX,N,Actual Complaint,,,,,,,,
2018,Oct-18,53123313,2018/10/24,6/11/2018,CR-1794465,24/10/2018,30/11/2018,10 - Troubleshooting*,Series-C,Electrical,Pole Resistance,Cust_A,AP Complaint: Cust_A MDS 2563 33Kv Series-C QX0065 RE2271 - short on Phase 3,Extended Warranty,Repair,EF,Y,Actual Complaint,,,,,,,,
2018,Oct-18,53120894,2018/10/24,24/10/2018,No,N/A,N/A,8 - Installation / Setup,Series-F,N/A,N/A,Cust_F,AP Complaint: Cust_F EER .universal .GIG file request / morphing instructions,Out of Warranty,Advise,GX,N,Customer Request,,,,,,,,
2018,Oct-18,53118612,2018/10/24,26/02/2019,CR-1814309,6/11/2018,26/02/2019,10 - Troubleshooting*,Series-F,Electronic,Electronic component failure,Cust_F,AP Complaint: Cust_F EER with Close Resistor failed DHoang L3 AU,Out of Warranty,Repair,EF,N,Actual Complaint,,,,,,,,
2018,Oct-18,53084054,2018/10/23,6/11/2018,CR-1814251,6/11/2018,30/11/2018,10 - Troubleshooting*,Series-F,Other,Other failure mode,Cust_B,AP Complaint: Cust_B Energy Water ingress reported in PS junction box,Standard Warranty,Replace,GX,N,Actual Complaint,,,,,,,,
2018,Oct-18,53081694,2018/10/23,23/10/2018,No,N/A,N/A,9 - Maintenance,Accessories,N/A,N/A,BE ENGINEERING,AP Complaint: BEC Engineering Request for assistance with configuration of PRFTIM,Out of Warranty,Advise,EF,N,Customer Request,,,,,,,,
2018,Oct-18,53081353,2018/10/23,23/10/2018,No,N/A,N/A,11 - Doc Missing / Wrong,Series-C,N/A,N/A,EVER,AP Complaint: Ener c/- Cust_A PO 4500708875 request for Production test certificate copy,Standard Warranty,Advise,EF,N,Customer Request,,,,,,,,
2018,Oct-18,52889499,2018/10/16,6/11/2018,CR-1779351,16/10/2018,6/11/2018,10 - Troubleshooting*,Series-G,Order,Custom order processed incorrectly,Cust_C,AP Complaint: Cust_C Series-G3 flexVUE Panel Mapping,Standard Warranty,Change Request,GX,N,Customer Request,,,,,,,,
2018,Oct-18,52778366,2018/10/11,6/11/2018,CR-1772922,11/10/2018,6/11/2018,10 - Troubleshooting*,Series-F,Order,BOM / Routing incorrect,Cust_B,AP Complaint: Cust_B Energy PO L53826 / SO 220753109 Dressed Series-AF with PS - 30V PS supplied I/O 22kV PS,Standard Warranty,Replace,GX,N,Actual Complaint,x,,,,,,,
2018,Oct-18,52610863,2018/10/05,5/10/2018,CR-1763335,5/10/2018,18/06/2019,7 - Delivery / Collection*,Series-A,Other,Other failure mode,Cust_A,AP Complaint: Cust_A MDS-2521 Series-AM unit received by customer with securing brace undone / loose,Standard Warranty,Advise,GX,Y,Actual Complaint,,,,,,,,
2018,Oct-18,52573694,2018/10/04,4/10/2018,No,N/A,N/A,8 - Installation / Setup,Series-A,N/A,N/A,Cust_M VIC,AP Complaint: Cust_M (for Melbourne Water) Enquiry re setup for Series-A LBS as earth switch L3 DHoang,Standard Warranty,Advise,GX,N,Customer Request,,,,,,,,
2018,Oct-18,52544994,2018/10/03,DUPLICATE,No,N/A,N/A,9 - Maintenance,Series-F,N/A,N/A,Cust_A,AP Complaint: Cust_A SVIIS reported not showing voltage with SW,Out of Warranty,Investigate,EF,N,Actual Complaint,,,,,,,,
2018,Oct-18,52507558,2018/10/02,6/11/2018,CR-1814237,6/11/2018,30/11/2018,10 - Troubleshooting*,Series-G,Other,Other failure mode,DPAS,AP Complaint: EEC New GIGedonia Series-G2 software upgrade issue A45.45.07 using SW5.16.13 DHoang L3,Out of Warranty,Software Fix,GX,N,Actual Complaint,,,,,,,,
2018,Sep-18,52328518,2018/09/26,26/09/2018,No,N/A,N/A,8 - Installation / Setup,Series-G,N/A,N/A,Cust_H,AP Complaint: Cust_H Baud Rate enquiry,Out of Warranty,Advise,EF,N,Customer Request,x,,,,,,,
2018,Sep-18,52326585,2018/09/26,4/10/2018,CR-1765418,8/10/2018,30/11/2018,10 - Troubleshooting*,Series-G,Electronic,Electronic component failure,Cust_A,AP Complaint: Cust_A MDS-2413 RE2262 Series-G2 S/N 603802 - PanelB error - won't connect by USB or serial,Standard Warranty,Replace,GX,Y,Actual Complaint,x,,,,,,,
2018,Sep-18,52287758,2018/09/25,28/09/2018,CR-1745036,25/09/2018,30/11/2018,10 - Troubleshooting*,Series-G,Electronic,Electronic component failure,Cust_A,AP Complaint: Cust_A MDS-2413 Series-G2 Noise - SN604571 Mfd 04/2018,Standard Warranty,Replace,GX,Y,Actual Complaint,,,,,,,,
2018,Sep-18,52281088,2018/09/25,25/09/2018,No,N/A,N/A,9 - Maintenance,Series-C,N/A,N/A,Cust_H,AP Complaint: Cust_H Recloser GIG file N series DHoang L3 AU,Out of Warranty,Advise,EF,N,Customer Request,,,,,,,,
2018,Sep-18,52173304,2018/09/20,20/09/2018,No,N/A,N/A,9 - Maintenance,Series-G,N/A,N/A,TAS WA,AP Complaint: TAS WA Goodwill AVDC3 box1 requested by  Dutt Cost Centre 016131,Standard Warranty,Replace,GX,N,Customer Request,,,,,,,,
2018,Sep-18,52097992,2018/09/18,18/09/2018,No,N/A,N/A,8 - Installation / Setup,Series-G,N/A,N/A,Cust_M VIC,AP Complaint: Cust_M Series-G Settings Confirmation,Standard Warranty,Advise,GX,N,Customer Request,,,,,,,,
2018,Sep-18,52097816,2018/09/18,28/09/2018,No,N/A,N/A,9 - Maintenance,Series-A,N/A,N/A,Cust_J,AP Complaint: Cust_J WA Request for Series-A lockout lever / low gas lockout interaction details,Out of Warranty,Advise,EF,N,Customer Request,,,,,,,,
2018,Sep-18,51993038,2018/09/13,28/09/2018,No,N/A,N/A,7 - Delivery / Collection*,Series-A,N/A,N/A,Cust_A,AP Complaint: Cust_A MDS-2471 SO220570043 06/2018 Croft Transport (for Toll) no load restraint applied,Standard Warranty,Advise,GX,N,Actual Complaint,,,,,,,,
2018,Sep-18,51955640,2018/09/12,19/09/2018,CR-1723963,12/09/2018,30/11/2018,10 - Troubleshooting*,Series-F,Aspect,Corrosion / rust / water damage,Cust_A,AP Complaint: Cust_A MDS-2479 PS junction box water ingress reported on mutiple units,Standard Warranty,Repair,GX,N,Actual Complaint,,,,,,,,
2018,Sep-18,51955248,2018/09/12,27/09/2018,CR-1723972,12/09/2018,30/11/2018,10 - Troubleshooting*,Series -F,Mechanical,Torque incorrect,Cust_A,AP Complaint: Cust_A MDS-2464 Series-E short bolting QX1231 Mfd 08/2017,Standard Warranty,Advise,EF,Y,Actual Complaint,,,,,,,,
2018,Sep-18,51950924,2018/09/12,28/09/2018,DUPLICATE,DUPLICATE,DUPLICATE,10 - Troubleshooting*,Series -F,DUPLICATE,DUPLICATE,Cust_A,AP Complaint: Cust_A MDS2464 W27 short bolting - DUPLICATE OF CASE 51955248,Standard Warranty,Advise,EF,N,Actual Complaint,,,,,,,,
2018,Sep-18,51648502,2018/09/04,6/09/2018,No,N/A,N/A,8 - Installation / Setup,Series-G,N/A,N/A,Cust_C,AP Complaint: Cust_C VIC Directional Protection issue with Series-G3 software version A50-05.04r29672,Standard Warranty,Advise,GX,N,Customer Request,,,,,,,,
2018,Sep-18,51615754,2018/09/03,3/09/2018,No,N/A,N/A,9 - Maintenance,Series-F,N/A,N/A,Cust_B,AP Complaint: Cust_B Energy Request for updated DNP3 Manual,Standard Warranty,Advise,GX,N,Customer Request,,,,,,,,
2018,Aug-18,51422336,2018/08/27,31/08/2018,No,N/A,N/A,8 - Installation / Setup,Series-G,N/A,N/A,Cust_F,AP Complaint: Cust_F Request for DPAS Recloser Wiring diagram DHoang L3,Out of Warranty,Advise,GX,N,Customer Request,,,,,,,,
2018,Aug-18,51421127,2018/08/27,30/08/2018,No,N/A,N/A,9 - Maintenance,Series-F,N/A,N/A,Cust_H,AP Complaint: Cust_H - EER operating very strangely DHoang L3 Australia,Out of Warranty,Advise,EF,N,Customer Request,,,,,,,,
2018,Aug-18,51420544,2018/08/27,31/08/2018,No,N/A,N/A,8 - Installation / Setup,Series-C,N/A,N/A,MP CONTROL,AP Complaint: MP Control Assistance in settings for Series-C Recloser,Out of Warranty,Advise,EF,N,Customer Request,,,,,,,,
2018,Aug-18,51389116,2018/08/24,31/08/2018,No,N/A,N/A,8 - Installation / Setup,Series-C,N/A,N/A,MIDDLETON ,AP Complaint: Middleton Enquiry re Series-C REFCL capability L2_MV,Out of Warranty,Advise,EF,N,Customer Request,,,,,,,,
2018,Aug-18,51348537,2018/08/23,6/09/2018,No,N/A,N/A,11 - Doc Missing / Wrong,Series-G,N/A,N/A,Cust_B,AP Complaint: Cust_B Energy Request for Series-G terminaL lifting point rating certificate request,Standard Warranty,Advise,GX,N,Customer Request,,,,,,,,
2018,Aug-18,51316310,2018/08/22,23/08/2018,No,N/A,N/A,8 - Installation / Setup,Series-G,N/A,N/A,Cust_M VIC,AP Complaint: Cust_M VIC Request for software version loaded for PO's as noted,Standard Warranty,Advise,GX,N,Customer Request,,,,,,,,
2018,Aug-18,51314315,2018/08/22,23/08/2018,CR-1689374,22/08/2018,6/09/2018,10 - Troubleshooting*,Series-G,Function,Startup failure,Cust_A,AP Complaint: Cust_A Series-G2 SN600999 Mfd 05/2017 software upgrade failed / displays PanelB COMMUNICATIONS LOST,Extended Warranty,Replace,EF,Y,Actual Complaint,x,,,,,,,
2018,Aug-18,51312559,2018/08/22,22/08/2018,CR-1689386,22/08/2018,6/09/2018,10 - Troubleshooting*,Series-A,Function,Other functional failure mode,Cust_B,AP Complaint: Cust_B Energy Series-A SN710390 SO220202053 POL49101 Mfd 06/2018 Unable to close electriGIGly,Standard Warranty,Repair,GX,Y,Actual Complaint,x,,,,,,,
2018,Aug-18,51312416,2018/08/22,23/08/2018,CR-1714211,6/09/2018,,10 - Troubleshooting*,Series-G,Electronic,Communication lost,Cust_B,AP Complaint: Cust_B Energy Series-G3 SN801288 SO220201326 POL49103 Mfd 06/2018 Noise error,Standard Warranty,Replace,GX,Y,Actual Complaint,,,,,,,,
2018,Aug-18,51238282,2018/08/20,31/08/2018,No,N/A,N/A,9 - Maintenance,Series-D,N/A,N/A,Cust_D,AP Complaint: Cust_D Case #51170618 - Requst for software 21410-028-03.02 (U series) DHoang L3,Out of Warranty,Advise,EF,N,Customer Request,,,,,,,,
2018,Aug-18,51170618,2018/08/16,31/08/2018,No,N/A,N/A,11 - Doc Missing / Wrong,Accessories,N/A,N/A,Cust_D,AP Complaint: Cust_Dy Request for software 21410-028-03.02 (U series) DUPLICATE OF CASE 51238282,Out of Warranty,Advise,EF,N,Customer Request,,,,,,,,
2018,Aug-18,51109962,2018/08/14,23/08/2018,CR-1676394,14/08/2018,6/09/2018,10 - Troubleshooting*,Series-F,Function,Software corruption,Cust_C,AP Complaint: Cust_C VIC Request to reinstate Hayes Modem Driver in Series-G3 to allow 24 hour modem reset,Standard Warranty,Change Request,EF,N,Customer Request,,,,,,,,
2018,Aug-18,51003659,2018/08/09,23/08/2018,CR-1670029,9/08/2018,6/09/2018,10 - Troubleshooting*,Series-A,Aspect,Corrosion / rust / water damage,Cust_A,AP Complaint: Cust_A SA Series-A-MR QX1577 Mfd 08/2017 (Derry) - Excessive moisture in I/O window,Standard Warranty,Repair,EF,Y,Actual Complaint,,,,,,,,
2018,Aug-18,50934986,2018/08/07,6/09/2018,No,N/A,N/A,9 - Maintenance,Series-C,N/A,N/A,Cust_C,AP Complaint: Cust_C VIC N27 Voltage reading fluctuation DHoang L3,Standard Warranty,Advise,EF,N,Customer Request,,,,,,,,
2018,Aug-18,50893756,2018/08/06,6/09/2018,No,N/A,N/A,9 - Maintenance,Series-A,N/A,N/A,Cust_A,AP Complaint: Cust_A SA Series-A38 33kV LBS removed from service prematurely DHoang L3,Out of Warranty,Advise,EF,N,Customer Request,,,,,,,,
2018,Aug-18,50786037,2018/08/01,9/08/2018,CR-1656678,1/08/2018,6/09/2018,10 - Troubleshooting*,Series-A,Electrical,Pole resistance,Cust_A,AP Complaint: Cust_A SA MDS 2445 - High contact resistance III/XXX phase LK3407 33kv LBS tank,Standard Warranty,Repair,EF,Y,Actual Complaint,x,,,,,,,
2018,Jul-18,50701633,2018/07/30,23/08/2018,CR-1651875,30/07/2018,23/08/2018,10 - Troubleshooting*,Series-B,Order,Missing / extra parts,DPAS,AP Complaint: DPAS New GIGedonia - E27 received with unsuitable pole Holder for square pole,Standard Warranty,Replace,GX,Y,Actual Complaint,,,,,,,,
2018,Jul-18,50628555,2018/07/26,26/07/2018,CR-1647706,26/07/2018,26/07/2018,10 - Troubleshooting*,Series-G,Aspect,Other appearance failure mode,Cust_F,AP Complaint: Cust_F Series-G2 box1 with Spanish Trip/Close sticker fitted in error (Derry unit),Standard Warranty,Replace,EF,Y,Actual Complaint,,,,,,,,
2018,Jul-18,50592546,2018/07/25,26/07/2018,No,N/A,N/A,9 - Maintenance,Accessories,N/A,N/A,Cust_H,AP Complaint: Cust_H NSW Enquiry re iMDSeasing PRDuo protection groups from 2 to 4,Out of Warranty,Advise,GX,N,Customer Request,,,,,,,,
2018,Jul-18,50519393,2018/07/23,23/07/2018,No,N/A,N/A,11 - Doc Missing / Wrong,Series-A,N/A,N/A,Cust_F,AP Complaint: Factory Test Results for load break switch,Out of Warranty,Advise,EF,N,Customer Request,x,,,,,,,
2018,Jul-18,50450729,2018/07/19,25/07/2018,CR-1648000,26/07/2018,6/09/2018,10 - Troubleshooting*,Series-A,Mechanical,Component placement incorrect,Cust_A,AP Complaint: Cust_A Series-A unit with the underside indicator installed in the inverted position - repair under warranty,Standard Warranty,Repair,GX,Y,Actual Complaint,,,,,,,,
2018,Jul-18,50448661,2018/07/19,26/07/2018,No,N/A,N/A,8 - Installation / Setup,Series-F,N/A,,FPA VIC,AP Complaint: FPA UE VIC Settings disabled in online terminaL - EER connected,Out of Warranty,Advise,EF,N,Customer Request,,,,,,,,
2018,Jul-18,50287830,2018/07/13,13/07/2018,No,N/A,N/A,11 - Doc Missing / Wrong,Series-C,N/A,N/A,Cust_F,AP Complaint: Cust_F Requested copy of PTC for Series-C QX0053,Standard Warranty,Advise,EF,N,Customer Request,,,,,,,,
2018,Jul-18,50257466,2018/07/12,16/07/2018,No,N/A,N/A,8 - Installation / Setup,Series-F,N/A,N/A,Cust_H,AP Complaint: Cust_H NSW Enquiry re iMDSeasing PRDuo protection groups from 2 to 4 (SW5),Out of Warranty,Advise,EF,N,Customer Request,,,,,,,,
2018,Jul-18,50074433,2018/07/05,27/07/2018,No,N/A,N/A,8 - Installation / Setup,Series-F,N/A,N/A,Cust_A,AP Complaint: Cust_A tex2 lockup reported,Standard Warranty,Advise,GX,N,Customer Request,,,,,,,,
2018,Jul-18,50075149,2018/07/05,27/07/2018,CR-1612250,5/07/2018,27/07/2018,10 - Troubleshooting*,Series-G,Electronic,Electronic component failure,Cust_A,AP Complaint: Cust_A Series-G2 box1 'Noise' - replace under extended warranty,Extended Warranty,Replace,EF,Y,Actual Complaint,,,,,,,,
2018,Jul-18,50041979,2018/07/04,4/07/2018,No,N/A,N/A,8 - Installation / Setup,Series-F,N/A,N/A,Cust_B,AP Complaint: Cust_B Power NSW PS does not have flex conduit or gland fitted,Out of Warranty,Advise,GX,N,Customer Request,,,,,,,,
2018,Jul-18,50007582,2018/07/03,3/07/2018,No,N/A,N/A,8 - Installation / Setup,Series-G,N/A,N/A,SSE,AP Complaint: SSE Whyalla Solar Series-C Series-G3 Query re trip conditions,Standard Warranty,Advise,GX,N,Customer Request,,,,,,,,
2018,Jul-18,49977583,2018/07/02,OPEN,CR-1606026,2/07/2018,6/09/2018,10 - Troubleshooting*,Series-A,Thermal,Overheating,Cust_A,AP Complaint: Cust_A Series-A manual switch 38kV reported with hot joints,Extended Warranty,TEX investigation,EF,Y,Actual Complaint,,,,,,,,
2018,Jul-18,49968232,2018/07/02,2/07/2018,CR-1605590,2/07/2018,2/07/2018,10 - Troubleshooting*,Series-F,Other,Other failure mode,Cust_B,AP Complaint: Cust_B Energy Series-G3 supply interrupts not written correctly,Standard Warranty,Software fix,GX,N,Actual Complaint,,,,,,,,
2018,Jun-18,49774723,2018/06/25,2/07/2018,CR-1594429,25/06/2018,2/07/2018,10 - Troubleshooting*,Series-F,Order,Part selection incorrect,Cust_A,AP Complaint: Cust_A MDS 2381 - Incorrect PS Holder supplied with load switch LK3406,Standard Warranty,Replace,GX,N,Actual Complaint,,,,,,,,
2018,Jun-18,49742308,2018/06/22,2/07/2018,CR-1592393,22/06/2018,4/07/2018,10 - Troubleshooting*,Series-F,Electrical,Voltage incorrect,Cust_A,AP Complaint: Cust_A PS SN16081347 MDS 002397 - 240V PS producing only 14V,Standard Warranty,Replace,GX,N,Actual Complaint,,,,,,,,
2018,Jun-18,49710081,2018/06/21,4/07/2018,No,N/A,N/A,8 - Installation / Setup,Series-F,N/A,N/A,MELB Services,AP Complaint: Melbourne Water software version A50-01.11 'Configurable tex2 tool needs to be upgraded',Standard Warranty,Advise,GX,N,Customer Request,,,,,,,,
2018,Jun-18,49709141,2018/06/21,4/07/2018,CR-1590263,21/06/2018,27/07/2018,7 - Delivery / Collection*,Series-G,Order,Custom order processed incorrectly,MELB Services,AP Complaint: Melbourne Water incorrect voltage setting supplied for terminaL (115V instead of 240V),Standard Warranty,Advise,EF,Y,Actual Complaint,,,,,,,,
2018,Jun-18,49701523,2018/06/21,2/07/2018,CR-1589978,21/06/2018,2/07/2018,10 - Troubleshooting*,Series-G,Other,Other failure mode,Cust_A,AP Complaint: Cust_A Series-G3 software bugs reported - Fault Flags missing in sectionalise mode,Standard Warranty,Software fix,GX,N,Actual Complaint,,,,,,,,
2018,Jun-18,49559316,2018/06/15,OPEN,CR-1605920,2/07/2018,4/07/2018,10 - Troubleshooting*,Series-A,Mechanical,Container / sealant broken,Cust_A,AP Complaint: Cust_A Low Gas Series-A-MA,Extended Warranty,TEX investigation,EF,Y,Actual Complaint,x,,,,,,,
2018,Jun-18,49563590,2018/06/15,4/07/2018,CR-1581129,15/06/2018,4/07/2018,10 - Troubleshooting*,Series-G,Electronic,Electronic component failure,Cust_B,AP Complaint: Cust_B Power NSW 3 x Series-G3 box1s reporting Noise error,Standard Warranty,Replace,GX,Y,Actual Complaint,,,,,,,,
2018,Jun-18,49559316,2018/06/15,10/07/2018,CR-1605920,2/07/2018,4/07/2018,10 - Troubleshooting*,Series-A,Mechanical,Container / sealant broken,Cust_A,AP Complaint: Cust_A SA Series-A27 S/N 476983 showing low gas lockout,Extended Warranty,Replace,EF,Y,Actual Complaint,x,,,,,,,
2018,Jun-18,49556948,2018/06/15,4/07/2018,CR-1580799,15/06/2018,4/07/2018,10 - Troubleshooting*,Series-G,Electronic,Communication lost,Cust_A,AP Complaint: Cust_A SA Series-G2 SN 604644 Mfd. 04/2018 Noise / PanelB Comms Lost,Standard Warranty,Replace,GX,Y,Actual Complaint,,,,,,,,
2018,Jun-18,49555346,2018/06/15,21/06/2018,CR-1580767,15/06/2018,21/06/2018,10 - Troubleshooting*,Series-F,Other,Other failure mode,Cust_B,AP Complaint: Cust_B Power NSW PCB3 card PS connection plugs missing from 3 Series-A units,Standard Warranty,Replace,GX,N,Actual Complaint,,,,,,,,
2018,Jun-18,49554537,2018/06/15,15/06/2018,No,N/A,N/A,8 - Installation / Setup,Series-F,N/A,N/A,MELB Services,AP Complaint: Melbourne Water WIN10 USB driver load - BCD EDIT process blocked,Standard Warranty,Advise,GX,N,Customer Request,,,,,,,,
2018,May-18,49074634,2018/05/29,29/05/2018,CR-1550013,29/05/2018,27/06/2018,10 - Troubleshooting*,Series-G,Electrical,Electrical component failure,Cust_A,AP Complaint: Cust_A SA Series-G2 flickering display under AC power,Out of Warranty,Advise,EF,Y,Actual Complaint,,,,,,,,
2018,May-18,49072967,2018/05/29,29/05/2018,No,N/A,N/A,9 - Maintenance,Series-A,N/A,N/A,Cust_L,AP Complaint: Cust_L WA GIG file for LBS serial number 383520,Out of Warranty,Advise,EF,N,Customer Request,x,,,,,,,
2018,May-18,49049194,2018/05/28,29/05/2018,CR-1550072,29/05/2018,29/05/2018,10 - Troubleshooting*,Series-G,Other,Other failure mode,Cust_B,AP Complaint: Cust_B NSW Series-G3 SN800965 'Noise' error - replace under warranty,Standard Warranty,Replace,GX,Y,Actual Complaint,,,,,,,,
2018,May-18,49040604,2018/05/28,29/05/2018,No,N/A,N/A,8 - Installation / Setup,Series-G,N/A,N/A,Cust_C,AP Complaint: Cust_C VIC Series-G3 setVUE responses differ from flexVUE responses,Standard Warranty,Advise,GX,N,Customer Request,,,,,,,,
2018,May-18,49011220,2018/05/25,25/05/2018,No,N/A,N/A,9 - Maintenance,Series -F,N/A,N/A,Cust_L,AP Complaint: Cust_L WA Request for Series-E .GIG file SN446173,Out of Warranty,Advise,EF,N,Customer Request,,,,,,,,
2018,May-18,49001865,2018/05/25,29/05/2018,No,N/A,N/A,9 - Maintenance,Series-F,N/A,N/A,Cust_B,AP Complaint: Cust_B NSW 2 x Series-C PCB3 failed - returned for investigation,Out of Warranty,Advise,EF,N,Customer Request,x,,,,,,,
2018,May-18,48930246,2018/05/23,29/05/2018,CR-1541737,23/05/2018,27/06/2018,10 - Troubleshooting*,Series-A,Other,Other failure mode,Cust_H,AP Complaint: Cust_H PO 720946 and SO 220133430 missing lockout parts,Standard Warranty,Replace,GX,Y,Actual Complaint,,,,,,,,
2018,May-18,48879200,2018/05/22,22/05/2018,No,N/A,N/A,8 - Installation / Setup,Series-F,N/A,N/A,NEWCREST PNG,AP Complaint: Newcrest PNG Request for Series-G2 software,Standard Warranty,Advise,GX,N,Customer Request,,,,,,,,
2018,May-18,48698402,2018/05/15,29/05/2018,CR-1527338,15/05/2018,8/06/2018,10 - Troubleshooting*,Series-F,Order,Part selection incorrect,Cust_H,AP Complaint: Cust_H NSW 2 incorrect PS's supplied on PO 722884,Standard Warranty,Replace,GX,N,Actual Complaint,x,,,,,,,
2018,May-18,48631281,2018/05/11,29/05/2018,CR-1523217,11/05/2018,8/06/2018,10 - Troubleshooting*,Series-A,Order,Custom order processed incorrectly,Cust_A,AP Complaint: Cust_A SA 4 x Series-A dressed units wrong lugs fitted - return for rework,Standard Warranty,Repair,GX,Y,Actual Complaint,,,,,,,,
2018,May-18,48595729,2018/05/10,10/05/2018,No,N/A,N/A,11 - Doc Missing / Wrong,Series-C,N/A,N/A,Cust_F,AP Complaint: Cust_F Production Test Certificates copies requrested,Standard Warranty,Advise,EF,N,Customer Request,,,,,,,,
2018,May-18,48564046,2018/05/09,29/05/2018,CR-1519105,9/05/2018,8/06/2018,10 - Troubleshooting*,Series-F,Order,Missing / extra parts,Cust_M VIC,AP Complaint: Cust_M VIC SO220241513 missing 48 x SHC023034 & 4 x TOO037938,Standard Warranty,Replace,GX,N,Actual Complaint,,,,,,,,
2018,May-18,48529640,2018/05/08,9/05/2018,No,N/A,N/A,8 - Installation / Setup,Series-G,N/A,N/A,ENER,AP Complaint: Ener / PoweSeries-Aines Plus / Series-G3 with N38 - Buzzing with PS connected,Standard Warranty,Advise,EF,N,Customer Request,,,,,,,,
2018,May-18,48436901,2018/05/04,29/05/2018,CR-1525411,14/05/2018,29/05/2018,10 - Troubleshooting*,Series-G,Other,Other failure mode,Cust_F,AP Complaint: Cust_F Energy Series-G2 faulty PanelB display,Extended Warranty,Replace,EF,Y,Actual Complaint,,,,,,,,
2018,May-18,48434885,2018/05/04,11/05/2018,No,N/A,N/A,9 - Maintenance,Series-F,N/A,N/A,Cust_C,AP Complaint: Cust_C Vic Unexpected SW5 events recorded,Standard Warranty,Advise,GX,N,Customer Request,x,,,,,,,
2018,May-18,48403661,2018/05/03,29/05/2018,CR-1525333,14/05/2018,29/05/2018,10 - Troubleshooting*,Series-G,Function,Software corruption,Cust_B,AP Complaint: Cust_B Power NSW Series-G3 terminaL will not start up propeSeries-Ay,Standard Warranty,Replace,GX,Y,Actual Complaint,,,,,,,,
2018,May-18,48362886,2018/05/02,29/05/2018,CR-1550043,29/05/2018,29/05/2018,10 - Troubleshooting*,Series-G,Other,Other failure mode,Cust_B,AP Complaint: Cust_B Power NSW Series-G2 Start up in Progress loop,Standard Warranty,Replace,EF,Y,Actual Complaint,,,,,,,,
2018,Apr-18,48319667,2018/04/30,30/04/2018,CR-1505120,30/04/2018,15/06/2018,10 - Troubleshooting*,Series-F,Other,Other failure mode,Power QLD,AP Complaint: Power QLD Series-G2 software A45-53.00 loaded should be A45-21.00,Standard Warranty,Repair,GX,N,Actual Complaint,,,,,,,,
2018,Apr-18,48247455,2018/04/26,27/04/2018,No,N/A,N/A,8 - Installation / Setup,Series-G,N/A,N/A,Cust_A,AP Complaint: Cust_A SA Series-G2 terminaL SEF detection failure,Standard Warranty,Software fix,GX,N,Customer Request,,,,,,,,
2018,Apr-18,48131195,2018/04/23,23/04/2018,No,N/A,N/A,8 - Installation / Setup,Series-C,N/A,N/A,PNG POWER,AP Complaint: PNG Power Request for compatibility check between terminaL & switchgear,Out of Warranty,Advise,EF,N,Customer Request,,,,,,,,
2018,Apr-18,48056804,2018/04/19,29/05/2018,CR-1549959,29/05/2018,29/05/2018,10 - Troubleshooting*,Series-G,Other,Other failure mode,Power QLD,AP Complaint: Power QLD Request for check of Series-G2 box1 warranty status PCOM2 060753,Extended Warranty,Advise,EF,N,Actual Complaint,,,,,,,,
2018,Apr-18,47948630,2018/04/16,16/04/2018,No,N/A,N/A,9 - Maintenance,Series-A,N/A,N/A,DPAS GX,AP Complaint: DPAS NY Series-A unit damaged during stencilling,Standard Warranty,Repair,GX,N,Customer Request,,,,,,,,
2018,Apr-18,47745832,2018/04/11,11/04/2018,No,N/A,N/A,9 - Maintenance,Series-C,N/A,N/A,PNG POWER,AP Complaint: PNG Power .GIG file request for Series-C SN418316,Out of Warranty,Advise,EF,N,Customer Request,,,,,,,,
2018,Apr-18,47661739,2018/04/09,3/05/2018,CR-1470885,9/04/2018,3/05/2018,10 - Troubleshooting*,Series-G,Electronic,Electronic component failure,Cust_C,AP Complaint: Cust_C VIC Series-G2 SN491430 piezo not functioning,Extended Warranty,Replace,EF,Y,Actual Complaint,,,,,,,,
2018,Apr-18,47584995,2018/04/05,5/04/2018,No,N/A,N/A,9 - Maintenance,Series-C,N/A,N/A,Cust_H,AP Complaint: Cust_H NSW .GIG file request Series-C SN 342006,Out of Warranty,Advise,EF,N,Customer Request,,,,,,,,
2018,Mar-18,47401777,2018/03/28,17/04/2018,No,N/A,N/A,9 - Maintenance,Series-A,N/A,N/A,FPA VIC,AP Complaint: FPA VIC Enquiry re Mech Fail event log entries,Out of Warranty,Advise,EF,N,Customer Request,,,,,,,,
2018,Mar-18,47395947,2018/03/28,8/05/2018,CR-1455715,28/03/2018,8/05/2018,10 - Troubleshooting*,Series-G,Electronic,Electronic component failure,Cust_A,AP Complaint: Cust_A SA PanelB screen failure - return for investigation & repair / replace,Standard Warranty,Replace,EF,Y,Actual Complaint,,,,,,,,
2018,Mar-18,47326860,2018/03/26,2/07/2018,CR-1451140,43185,43283.71111,10 - Troubleshooting*,Series-F,Other,Other failure mode,Cust_B,AP Complaint: Cust_B Power Report of water ingress into PS junction box,Standard Warranty,TEX investigation,GX,N,Actual Complaint,,,,,,,,
2018,Mar-18,47322265,2018/03/26,17/04/2018,No,N/A,N/A,11 - Doc Missing / Wrong,Series-F,N/A,N/A,Cust_B,AP Complaint: Cust_B Power Request for PCB3 replacement process document,Standard Warranty,Advise,GX,N,Customer Request,,,,,,,,
2018,Mar-18,47163632,2018/03/20,21/03/2018,No,N/A,N/A,9 - Maintenance,Series-G,N/A,N/A,Cust_A,AP Complaint: Cust_A Request for latest Series-G 2 software and SVIIS DAMAGED,Out of Warranty,Advise,EF,N,Customer Request,,,,,,,,
2018,Mar-18,47051622,2018/03/15,15/03/2018,No,N/A,N/A,9 - Maintenance,Series-C,N/A,N/A,Cust_B,AP Complaint: Cust_B NSW Series-C .GIG file request - SN364019,Out of Warranty,Advise,EF,N,Customer Request,,,,,,,,
2018,Mar-18,47009834,2018/03/14,27/03/2018,CR-1432567,14/03/2018,27/03/2018,12 - Doc Missing / Incorrect*,Series-A,Other,Other failure mode,Cust_B,AP Complaint: Cust_B NSW PO44433 24 x Series-A - missing paperwork for 2 units,Standard Warranty,Advise,GX,N,Actual Complaint,,,,,,,,
2018,Mar-18,47009813,2018/03/14,27/03/2018,CR-1432568,14/03/2018,27/03/2018,12 - Doc Missing / Incorrect*,Series-A,Other,Other failure mode,Cust_B,AP Complaint: Cust_B NSW PO47023 25 x Series-A - missing paperwork for 3 units,Standard Warranty,Advise,GX,N,Actual Complaint,,,,,,,,
2018,Mar-18,46974842,2018/03/13,13/03/2018,No,N/A,N/A,9 - Maintenance,Series-G,N/A,N/A,Cust_D,AP Complaint: Cust_D QLD Request for warranty status of 3 x Series-G2 box1s,Out of Warranty,Advise,EF,N,Customer Request,,,,,,,,
2018,Mar-18,46896691,2018/03/09,9/03/2018,No,N/A,N/A,8 - Installation / Setup,Series-F,N/A,N/A,Cust_M VIC,AP Complaint: Cust_M Enquiry re external PS earthing requirements,Standard Warranty,Advise,GX,N,Customer Request,,,,,,,,
2018,Mar-18,46827609,2018/03/07,8/03/2018,No,N/A,N/A,8 - Installation / Setup,Series-F,N/A,N/A,Cust_M VIC,AP Complaint: Cust_M Enquiry re external PS earthing requirements,Standard Warranty,Advise,GX,N,Customer Request,,,,,,,,
2018,Mar-18,46749763,2018/03/05,5/03/2018,No,N/A,N/A,8 - Installation / Setup,Series-C,N/A,N/A,SSE,AP Complaint: SSE Whyalla SA Enquiry re additional CT burden & bushing termination on Series-C,Standard Warranty,Advise,GX,N,Customer Request,,,,,,,,
2018,Mar-18,46714429,2018/03/02,2/03/2018,No,N/A,N/A,8 - Installation / Setup,Series-C,N/A,N/A,SSE,AP Complaint: SSE Australia - enquiry re manual trip Function for N38 Recloser,Standard Warranty,Advise,GX,N,Customer Request,,,,,,,,
2018,Mar-18,46713800,2018/03/02,8/05/2018,CR-1414405,2/03/2018,8/05/2018,10 - Troubleshooting*,Series-F,Order,Part selection incorrect,Cust_M VIC,AP Complaint: Cust_M EDI - Incorrect PS's supplied (4 of 60),Standard Warranty,Replace,EF,N,Actual Complaint,,,,,,,,
2018,Mar-18,46708673,2018/03/02,6/03/2018,CR-1418758,6/03/2018,6/03/2018,10 - Troubleshooting*,Series-F,Other,Other failure mode,Cust_B,AP Complaint: Cust_B Power NSW Enquiry re import of SW4 Files,Out of Warranty,Software fix,EF,N,Actual Complaint,,,,,,,,
2018,Mar-18,46679505,2018/03/01,2/03/2018,No,N/A,N/A,8 - Installation / Setup,Series-G,N/A,N/A,Cust_A,AP Complaint: Cust_A SA Query re sequence advancing issue with Series-G2 terminaL,Standard Warranty,Advise,GX,N,Customer Request,,,,,,,,
2018,Mar-18,46676997,2018/03/01,27/04/2018,CR-1412340,1/03/2018,27/03/2018,10 - Troubleshooting*,Series-G,Function,Software corruption,Cust_A,AP Complaint: Cust_A SA Series-G 2 testing error 'Program Fault' event logged,Standard Warranty,Advise,GX,N,Actual Complaint,,,,,,,,
2018,Feb-18,46602513,2018/02/27,27/02/2018,No,N/A,N/A,8 - Installation / Setup,Series-G,N/A,N/A,PETRO MIN,AP Complaint:Petro Min Recloser: Voltage imbalance monitoring,Standard Warranty,Advise,GX,N,Customer Request,,,,,,,,
2018,Feb-18,46563371,2018/02/26,27/03/2018,CR-1408020,27/02/2018,27/03/2018,7 - Delivery / Collection*,Series-G,Aspect,Other appearance failure mode,Cust_A,AP Complaint: Cust_A SA 2 x Series-E with Series-G2 received damaged in transit,Standard Warranty,Replace,EF,Y,Actual Complaint,,,,,,,,
2018,Feb-18,46525067,2018/02/23,23/02/2018,No,N/A,N/A,9 - Maintenance,Series-C,N/A,N/A,Cust_A,AP Complaint: Cust_A SA Series-C .GIG file request SN456927,Out of Warranty,Advise,EF,N,Customer Request,,,,,,,,
2018,Feb-18,46418623,2018/02/20,27/04/2018,No,N/A,N/A,10 - Troubleshooting*,Series-G,N/A,N/A,Cust_A,AP Complaint: Cust_A SA Series-G2 terminaL SEF detection failure,Standard Warranty,Software fix,GX,N,Customer Request,,,,,,,,
2018,Feb-18,46383373,2018/02/19,29/05/2018,CR-1519360,9/05/2018,29/05/2018,10 - Troubleshooting*,Series-G,Electrical,Electrical component failure,DPAS NZ,AP Complaint: DPAS NZ Series-G2 box1 Faulty rectifier,Standard Warranty,Replace,EF,N,Actual Complaint,x,,,,,,,
2018,Feb-18,46350886,2018/02/16,6/03/2018,CR-1393465,16/02/2018,16/02/2018,10 - Troubleshooting*,Series-G,Other,Other failure mode,Cust_H,AP Complaint: Cust_H NSW 2 x Series-G2 ratings plates not fitted - customer to fit,Standard Warranty,Repair,GX,Y,Actual Complaint,,,,,,,,
2018,Feb-18,46317487,2018/02/15,16/02/2018,No,N/A,N/A,11 - Doc Missing / Wrong,Series-F,N/A,N/A,SSE,AP Complaint: SSE Series-C mounting instructions to frame S/O 220140334,Standard Warranty,Advise,GX,N,Customer Request,,,,,,,,
2018,Feb-18,46241068,2018/02/13,13/02/2018,No,N/A,N/A,9 - Maintenance,Series-C,N/A,N/A,Cust_F,AP Complaint: Cust_F QLD - .GIG file request Series-C SN323367,Out of Warranty,Advise,EF,N,Customer Request,,,,,,,,
2018,Feb-18,46240654,2018/02/13,6/03/2018,CR-1387211,13/02/2018,6/03/2018,10 - Troubleshooting*,Series-G,Other,Other failure mode,Cust_F,AP Complaint: Cust_F QLD Incorrect Trip Close Isolate sticker language used,Standard Warranty,Replace,EF,Y,Actual Complaint,,,,,,,,
2018,Feb-18,46207609,2018/02/12,6/03/2018,No,N/A,N/A,8 - Installation / Setup,Series-G,N/A,N/A,GLENCORE,AP Complaint: Glencore/MIM QLD Enquiry re bench testing of Series-G2,Standard Warranty,Advise,GX,N,Customer Request,,,,,,,,
2018,Feb-18,46201661,2018/02/12,17/04/2018,CR-1401296,22/02/2018,29/05/2018,10 - Troubleshooting*,Series-C,Other,Other failure mode,Cust_A,AP Complaint: Cust_A SA Assistance with N series recloser - gas leak,Standard Warranty,Replace,EF,Y,Actual Complaint,,,,,,,,
2018,Feb-18,46068617,2018/02/07,12/02/2018,No,N/A,N/A,8 - Installation / Setup,Series-C,N/A,N/A,DPAS ,AP Complaint: DPAS New GIGedonia Enquiries re recloser features,Standard Warranty,Advise,GX,N,Customer Request,,,,,,,,
2018,Feb-18,46033819,2018/02/06,12/02/2018,No,N/A,N/A,9 - Maintenance,Series-C,N/A,N/A,Cust_F,AP Complaint: Cust_F QLD Enquiry re ACR Voltage measurements,Standard Warranty,Advise,GX,N,Customer Request,,,,,,,,
2018,Feb-18,45995917,2018/02/05,12/02/2018,No,N/A,N/A,9 - Maintenance,Accessories,N/A,N/A,NILSON SA,AP Complaint: Nilsen SA Enquiry re PRdisplay failure,Out of Warranty,Advise,EF,N,Customer Request,,,,,,,,
2018,Feb-18,45994124,2018/02/05,5/02/2018,No,N/A,N/A,8 - Installation / Setup,Series-F,N/A,N/A,GLENCORE,AP Complaint: Glencore QLD ENquiry re voltage measurement display,Standard Warranty,Advise,GX,N,Customer Request,,,,,,,,
2018,Jan-18,45890063,2018/01/31,12/02/2018,No,N/A,N/A,8 - Installation / Setup,Series-F,N/A,N/A,BLOOMFIELD,AP Complaint: Bloomfield Collieries NSW Enquiry re SW5 Training,Standard Warranty,Advise,GX,N,Customer Request,,,,,,,,
2018,Jan-18,45650567,2018/01/23,23/01/2018,No,N/A,N/A,8 - Installation / Setup,Series-G,N/A,N/A,PME WA,AP Complaint: PME WA Enquiry re software version for N38 with Series-G2,Standard Warranty,Advise,GX,N,Customer Request,,,,,,,,
2018,Jan-18,45573105,2018/01/19,19/01/2018,No,N/A,N/A,8 - Installation / Setup,Series-F,N/A,N/A,MP CONTROL,AP Complaint: MP Control DPAS Protection relay (SW SOFTWARE REQUEST),Standard Warranty,Advise,GX,N,Customer Request,,,,,,,,
2018,Jan-18,45541326,2018/01/18,19/01/2018,No,N/A,N/A,10 - Troubleshooting*,Series-C,N/A,N/A,GLENCORE,AP Complaint: Glencore N38 Unit  PRterminaL not working,Out of Warranty,Advise,EF,N,Customer Request,,,,,,,,
2018,Jan-18,45536813,2018/01/18,18/01/2018,No,N/A,N/A,8 - Installation / Setup,Series-C,N/A,N/A,Cust_F,AP Complaint: Cust_F N series DAta Invalid due to CCEM not installed propeSeries-Ay,Out of Warranty,Advise,EF,N,Customer Request,,,,,,,,
2018,Jan-18,45505076,2018/01/17,17/01/2018,No,N/A,N/A,8 - Installation / Setup,Series-G,N/A,N/A,MT ISA WATER,AP Complaint: Mt Isa Water Modbus RTU Communications Documentation,Standard Warranty,Advise,GX,N,Customer Request,,,,,,,,
2018,Jan-18,45504124,2018/01/17,17/01/2018,No,N/A,N/A,11 - Doc Missing / Wrong,Series-C,N/A,N/A,Cust_F,AP Complaint: Cust_F Mackay Request for Test Report for N15 SN493474,Standard Warranty,Advise,EF,N,Customer Request,,,,,,,,
2018,Jan-18,45466427,2018/01/16,23/01/2018,No,N/A,N/A,10 - Troubleshooting*,Series-F,N/A,N/A,HAPS,AP Complaint: HAPS WA Faulty tex2 (mounting threads damaged),Standard Warranty,Replace,EF,N,Actual Complaint,,,,,,,,
2018,Jan-18,45433172,2018/01/15,18/01/2018,No,N/A,N/A,10 - Troubleshooting*,Series -F,N/A,N/A,Cust_F,AP Complaint: Cust_F QLD Series-E ACR with PRCAPM5 disconnect and connect issues,Out of Warranty,Advise,EF,N,Customer Request,,,,,,,,
2018,Jan-18,45431549,2018/01/15,16/01/2018,No,N/A,N/A,10 - Troubleshooting*,Series-A,N/A,N/A,Cust_A,AP Complaint: Cust_A Series-A underside indicator plate back to front installed,Standard Warranty,Repair,EF,Y,Actual Complaint,,,,,,,,
2018,Jan-18,45427189,2018/01/15,30/01/2018,No,N/A,N/A,8 - Installation / Setup,Series-F,N/A,N/A,SOUTH 32,AP Complaint: South 32 NT Incorrect measurements displayed: N15 / Series-G2,Out of Warranty,Advise,EF,N,Customer Request,,,,,,,,
2018,Jan-18,45395336,2018/01/12,17/01/2018,No,N/A,N/A,10 - Troubleshooting*,Series-F,N/A,N/A,Cust_F,AP Complaint: Cust_F QLD Faulty EER - CLOSE COIL,Standard Warranty,Advise,EF,N,Customer Request,,,,,,,,
2018,Jan-18,45360394,2018/01/11,17/01/2018,CR-1418811,6/03/2018,6/03/2018,10 - Troubleshooting*,Series-G,Other,Other failure mode,Cust_A,AP Complaint: Cust_A SA Series-G2 terminaL with no Audible Tone,Standard Warranty,Replace,EF,Y,Actual Complaint,,,,,,,,
2018,Jan-18,45360274,2018/01/11,11/01/2018,No,N/A,N/A,9 - Maintenance,Series-D,N/A,N/A,Cust_H,AP Complaint: Cust_H .GIG file request U-Series SN400457,Out of Warranty,Advise,EF,N,Customer Request,,,,,,,,
2018,Jan-18,45359922,2018/01/11,12/01/2018,No,N/A,N/A,8 - Installation / Setup,Series-C,N/A,N/A,PSD Power,AP Complaint: PSD Power Request Assistance with configuring Series-G terminaL,Standard Warranty,Advise,GX,N,Customer Request,,,,,,,,
2018,Jan-18,45325910,2018/01/10,17/01/2018,No,N/A,N/A,8 - Installation / Setup,Series-C,N/A,N/A,RLINES PLUS,AP Complaint: Series-Aines Plus WA Query re Nulec N38 series HiPot test values during SAT,Standard Warranty,Advise,EF,N,Customer Request,,,,,,,,
2018,Jan-18,45325309,2018/01/10,11/01/2018,No,N/A,N/A,9 - Maintenance,Series -F,N/A,N/A,Cust_L,AP Complaint: Cust_L Enquiry for Switchgear GIGibration file 122767,Out of Warranty,Advise,EF,N,Customer Request,,,,,,,,
2018,Jan-18,45287388,2018/01/09,11/01/2018,No,N/A,N/A,8 - Installation / Setup,Series-G,N/A,N/A,Cust_H,AP Complaint: Cust_H Enquiry re DNP3 Modem connection for Series-G/ Cust_H,Standard Warranty,Advise,GX,N,Customer Request,,,,,,,,
2018,Jan-18,45253829,2018/01/08,11/01/2018,No,N/A,N/A,9 - Maintenance,Series-C,N/A,N/A,HAPS,AP Complaint: HAPS Fox Enquiry re .GIG file for SN457124 (Series-C),Out of Warranty,Advise,EF,N,Customer Request,,,,,,,,
